-- phpMyAdmin SQL Dump
-- version 5.2.1
-- https://www.phpmyadmin.net/
--
-- Host: 127.0.0.1:3306
-- Generation Time: May 07, 2026 at 03:49 AM
-- Server version: 10.4.32-MariaDB
-- PHP Version: 8.2.12

SET SQL_MODE = "NO_AUTO_VALUE_ON_ZERO";
START TRANSACTION;
SET time_zone = "+00:00";


/*!40101 SET @OLD_CHARACTER_SET_CLIENT=@@CHARACTER_SET_CLIENT */;
/*!40101 SET @OLD_CHARACTER_SET_RESULTS=@@CHARACTER_SET_RESULTS */;
/*!40101 SET @OLD_COLLATION_CONNECTION=@@COLLATION_CONNECTION */;
/*!40101 SET NAMES utf8mb4 */;

--
-- Database: `absen_digital`
--

-- --------------------------------------------------------

--
-- Table structure for table `absensi`
--

CREATE TABLE `absensi` (
  `id` int(11) NOT NULL,
  `status` enum('hadir','izin','tanpa_ket') NOT NULL DEFAULT 'hadir',
  `keterangan` text DEFAULT NULL,
  `createdAt` datetime NOT NULL,
  `updatedAt` datetime NOT NULL,
  `jurnal_id` int(11) DEFAULT NULL,
  `siswa_id` int(11) DEFAULT NULL
) ENGINE=InnoDB DEFAULT CHARSET=utf8mb4 COLLATE=utf8mb4_general_ci;

--
-- Dumping data for table `absensi`
--

INSERT INTO `absensi` (`id`, `status`, `keterangan`, `createdAt`, `updatedAt`, `jurnal_id`, `siswa_id`) VALUES
(1, 'izin', NULL, '2026-01-21 05:52:31', '2026-01-21 05:52:31', 1, 1),
(2, 'tanpa_ket', NULL, '2026-01-21 05:52:31', '2026-01-21 05:52:31', 1, 2),
(3, 'hadir', NULL, '2026-01-21 05:52:31', '2026-01-21 05:52:31', 1, 3),
(4, 'izin', NULL, '2026-01-21 05:52:31', '2026-01-21 05:52:31', 1, 4),
(5, 'hadir', NULL, '2026-01-21 05:52:31', '2026-01-21 05:52:31', 1, 5),
(6, 'hadir', NULL, '2026-01-21 05:52:31', '2026-01-21 05:52:31', 1, 6),
(7, 'izin', NULL, '2026-01-21 05:52:31', '2026-01-21 05:52:31', 1, 7),
(8, 'tanpa_ket', NULL, '2026-01-21 05:52:31', '2026-01-21 05:52:31', 1, 8),
(9, 'hadir', NULL, '2026-01-21 05:52:31', '2026-01-21 05:52:31', 1, 9),
(10, 'hadir', NULL, '2026-01-21 05:52:31', '2026-01-21 05:52:31', 1, 10),
(11, 'hadir', NULL, '2026-01-21 05:52:31', '2026-01-21 05:52:31', 1, 11),
(12, 'hadir', NULL, '2026-01-21 05:52:31', '2026-01-21 05:52:31', 1, 12),
(13, 'hadir', NULL, '2026-01-21 05:52:31', '2026-01-21 05:52:31', 1, 13),
(14, 'hadir', NULL, '2026-01-21 05:52:31', '2026-01-21 05:52:31', 1, 14),
(15, 'hadir', NULL, '2026-01-21 05:52:31', '2026-01-21 05:52:31', 1, 15),
(16, 'hadir', NULL, '2026-01-21 05:52:31', '2026-01-21 05:52:31', 1, 16),
(17, 'hadir', NULL, '2026-01-21 05:52:31', '2026-01-21 05:52:31', 1, 17),
(18, 'hadir', NULL, '2026-01-21 05:52:31', '2026-01-21 05:52:31', 1, 18),
(19, 'tanpa_ket', NULL, '2026-01-21 05:52:31', '2026-01-21 05:52:31', 1, 19),
(20, 'izin', NULL, '2026-01-21 05:52:31', '2026-01-21 05:52:31', 1, 20),
(21, 'hadir', NULL, '2026-05-03 04:35:52', '2026-05-03 04:35:52', 2, 1),
(22, 'hadir', NULL, '2026-05-03 04:35:52', '2026-05-03 04:35:52', 2, 2),
(23, 'hadir', NULL, '2026-05-03 04:35:52', '2026-05-03 04:35:52', 2, 3),
(24, 'hadir', NULL, '2026-05-03 04:35:52', '2026-05-03 04:35:52', 2, 4),
(25, 'hadir', NULL, '2026-05-03 04:35:52', '2026-05-03 04:35:52', 2, 5),
(26, 'hadir', NULL, '2026-05-03 04:35:52', '2026-05-03 04:35:52', 2, 6),
(27, 'hadir', NULL, '2026-05-03 04:35:52', '2026-05-03 04:35:52', 2, 7),
(28, 'tanpa_ket', NULL, '2026-05-03 04:35:52', '2026-05-03 04:35:52', 2, 8),
(29, 'hadir', NULL, '2026-05-03 04:35:52', '2026-05-03 04:35:52', 2, 9),
(30, 'hadir', NULL, '2026-05-03 04:35:52', '2026-05-03 04:35:52', 2, 10),
(31, 'hadir', NULL, '2026-05-03 04:35:52', '2026-05-03 04:35:52', 2, 11),
(32, 'izin', NULL, '2026-05-03 04:35:52', '2026-05-03 04:35:52', 2, 12),
(33, 'hadir', NULL, '2026-05-03 04:35:52', '2026-05-03 04:35:52', 2, 13),
(34, 'hadir', NULL, '2026-05-03 04:35:52', '2026-05-03 04:35:52', 2, 14),
(35, 'hadir', NULL, '2026-05-03 04:35:52', '2026-05-03 04:35:52', 2, 15),
(36, 'hadir', NULL, '2026-05-03 04:35:52', '2026-05-03 04:35:52', 2, 16),
(37, 'izin', NULL, '2026-05-03 04:35:52', '2026-05-03 04:35:52', 2, 17),
(38, 'hadir', NULL, '2026-05-03 04:35:52', '2026-05-03 04:35:52', 2, 18),
(39, 'hadir', NULL, '2026-05-03 04:35:52', '2026-05-03 04:35:52', 2, 19),
(40, 'tanpa_ket', NULL, '2026-05-03 04:35:52', '2026-05-03 04:35:52', 2, 20);

-- --------------------------------------------------------

--
-- Table structure for table `guru`
--

CREATE TABLE `guru` (
  `id` int(11) NOT NULL,
  `username` varchar(255) NOT NULL,
  `password` varchar(255) NOT NULL,
  `nama` varchar(255) NOT NULL,
  `nip` varchar(255) NOT NULL,
  `mapel` varchar(255) NOT NULL,
  `jam_mulai` time DEFAULT NULL,
  `role` enum('guru','admin') DEFAULT 'guru',
  `createdAt` datetime NOT NULL,
  `updatedAt` datetime NOT NULL
) ENGINE=InnoDB DEFAULT CHARSET=utf8mb4 COLLATE=utf8mb4_general_ci;

--
-- Dumping data for table `guru`
--

INSERT INTO `guru` (`id`, `username`, `password`, `nama`, `nip`, `mapel`, `jam_mulai`, `role`, `createdAt`, `updatedAt`) VALUES
(1, 'admin', '$2b$10$fQCyOpi3diI3DyQs5A4cRO9xB4KJ5E/v.IfZ5CYxdCwETYLac11ZS', 'Administrator Sekolah', '198001012010011001', 'Administrasi', NULL, 'admin', '2026-01-18 17:27:46', '2026-01-18 17:27:46'),
(2, 'sari', '$2b$10$T2FI2cmYzzfbWmworGJSQuw4pY/2P4oPge4kHfkoH2as8DIhWERgO', 'Sari Indrawati', '198505152010122001', 'Pemrograman Web', '09:00:00', 'guru', '2026-01-18 17:27:46', '2026-01-18 17:27:46'),
(3, 'budi', '$2b$10$T2FI2cmYzzfbWmworGJSQuw4pY/2P4oPge4kHfkoH2as8DIhWERgO', 'Budi Santoso', '197903102008011002', 'Jaringan Komputer', '08:00:00', 'guru', '2026-01-18 17:27:46', '2026-01-18 17:27:46'),
(4, 'ani', '$2b$10$T2FI2cmYzzfbWmworGJSQuw4pY/2P4oPge4kHfkoH2as8DIhWERgO', 'Ani Wulandari', '198807252012012001', 'Basis Data', '10:00:00', 'guru', '2026-01-18 17:27:46', '2026-01-18 17:27:46'),
(5, 'KEPSEK', '$2b$10$VciYVfH4dWrk8SQvbmntYOd2muBtKCIHKT8j9zMjYiNRyx7B/0O6G', 'M. FEBRIANTO', '0882314748', 'PJOK', NULL, 'admin', '2026-05-03 04:18:41', '2026-05-03 04:18:41'),
(6, 'sari.indah', '$2b$10$VM5K6VvcYEVsXwfsnuzyXOYmq0HC3SB/e.Qm1FUJJsEwgZcz6gX/u', 'Sari Indah, S.Pd', '198501012010011001', '-', NULL, 'guru', '2026-05-03 04:26:41', '2026-05-03 04:26:41'),
(7, 'budi.hartono', '$2b$10$U/wuTSmDPUZ9vgcfTcHMw.6EIJMOTx8iAysQxFgDXg9FDgBWC7kU2', 'Budi Hartono, M.Pd', '198601012010011002', '-', NULL, 'guru', '2026-05-03 04:26:42', '2026-05-03 04:26:42'),
(8, 'BUARIS', '$2b$10$07cqq3C5.bRrnYSuB7WOT.jc3hpTuVWTb9gCZhxE/YyVVQHMfpkgK', 'ARISFATUNNISA', '81294911984', '-', NULL, 'guru', '2026-05-03 04:26:42', '2026-05-03 04:26:42');

-- --------------------------------------------------------

--
-- Table structure for table `guru_kelas`
--

CREATE TABLE `guru_kelas` (
  `id` int(11) NOT NULL,
  `guru_id` int(11) NOT NULL,
  `kelas_id` int(11) NOT NULL,
  `mata_pelajaran` varchar(255) DEFAULT NULL,
  `jam_mulai` time NOT NULL,
  `createdAt` datetime NOT NULL,
  `updatedAt` datetime NOT NULL,
  `mapel_id` int(11) DEFAULT NULL
) ENGINE=InnoDB DEFAULT CHARSET=utf8mb4 COLLATE=utf8mb4_general_ci;

--
-- Dumping data for table `guru_kelas`
--

INSERT INTO `guru_kelas` (`id`, `guru_id`, `kelas_id`, `mata_pelajaran`, `jam_mulai`, `createdAt`, `updatedAt`, `mapel_id`) VALUES
(1, 2, 1, 'Pemrograman Web', '07:30:00', '2026-01-18 17:27:46', '2026-01-18 17:27:46', NULL),
(2, 2, 2, 'Pemrograman Web Dasar', '09:00:00', '2026-01-18 17:27:46', '2026-01-18 17:27:46', NULL),
(3, 3, 1, 'Jaringan Komputer', '08:15:00', '2026-01-18 17:27:46', '2026-01-18 17:27:46', NULL),
(4, 3, 2, 'Administrasi Jaringan', '10:00:00', '2026-01-18 17:27:46', '2026-01-18 17:27:46', NULL),
(5, 4, 1, 'Basis Data', '07:30:00', '2026-01-18 17:27:46', '2026-01-18 17:27:46', NULL),
(6, 4, 3, 'Pengenalan Basis Data', '11:00:00', '2026-01-18 17:27:46', '2026-01-18 17:27:46', NULL),
(7, 6, 4, 'Matematika', '07:00:00', '2026-05-03 04:26:41', '2026-05-03 04:26:41', NULL),
(8, 6, 5, 'Matematika', '09:00:00', '2026-05-03 04:26:42', '2026-05-03 04:26:42', NULL),
(9, 7, 6, 'Bahasa Inggris', '08:00:00', '2026-05-03 04:26:42', '2026-05-03 04:26:42', NULL),
(10, 8, 8, 'Bahasa indonesia', '07:00:00', '2026-05-03 04:26:42', '2026-05-03 04:26:42', NULL),
(46, 6, 6, 'PAI', '07:00:00', '2026-05-03 05:00:15', '2026-05-03 05:00:15', NULL);

-- --------------------------------------------------------

--
-- Table structure for table `jurnal`
--

CREATE TABLE `jurnal` (
  `id` int(11) NOT NULL,
  `tanggal` datetime DEFAULT NULL,
  `jam_mulai` time NOT NULL,
  `jam_selesai` time NOT NULL,
  `mata_pelajaran` varchar(255) NOT NULL,
  `materi` text NOT NULL,
  `foto_kegiatan` longtext DEFAULT NULL,
  `createdAt` datetime NOT NULL,
  `updatedAt` datetime NOT NULL,
  `guru_id` int(11) DEFAULT NULL,
  `kelas_id` int(11) DEFAULT NULL
) ENGINE=InnoDB DEFAULT CHARSET=utf8mb4 COLLATE=utf8mb4_general_ci;

--
-- Dumping data for table `jurnal`
--

INSERT INTO `jurnal` (`id`, `tanggal`, `jam_mulai`, `jam_selesai`, `mata_pelajaran`, `materi`, `foto_kegiatan`, `createdAt`, `updatedAt`, `guru_id`, `kelas_id`) VALUES
(1, '2026-01-21 05:52:31', '12:52:00', '14:43:00', 'Pemrograman Web', 'Web Server', 'data:image/jpeg;base64,/9j/4AAQSkZJRgABAQAAAQABAAD/4gHYSUNDX1BST0ZJTEUAAQEAAAHIAAAAAAQwAABtbnRyUkdCIFhZWiAH4AABAAEAAAAAAABhY3NwAAAAAAAAAAAAAAAAAAAAAAAAAAAAAAAAAAAAAQAA9tYAAQAAAADTLQAAAAAAAAAAAAAAAAAAAAAAAAAAAAAAAAAAAAAAAAAAAAAAAAAAAAAAAAAAAAAAAAAAAAlkZXNjAAAA8AAAACRyWFlaAAABFAAAABRnWFlaAAABKAAAABRiWFlaAAABPAAAABR3dHB0AAABUAAAABRyVFJDAAABZAAAAChnVFJDAAABZAAAAChiVFJDAAABZAAAAChjcHJ0AAABjAAAADxtbHVjAAAAAAAAAAEAAAAMZW5VUwAAAAgAAAAcAHMAUgBHAEJYWVogAAAAAAAAb6IAADj1AAADkFhZWiAAAAAAAABimQAAt4UAABjaWFlaIAAAAAAAACSgAAAPhAAAts9YWVogAAAAAAAA9tYAAQAAAADTLXBhcmEAAAAAAAQAAAACZmYAAPKnAAANWQAAE9AAAApbAAAAAAAAAABtbHVjAAAAAAAAAAEAAAAMZW5VUwAAACAAAAAcAEcAbwBvAGcAbABlACAASQBuAGMALgAgADIAMAAxADb/2wBDAAYEBQYFBAYGBQYHBwYIChAKCgkJChQODwwQFxQYGBcUFhYaHSUfGhsjHBYWICwgIyYnKSopGR8tMC0oMCUoKSj/2wBDAQcHBwoIChMKChMoGhYaKCgoKCgoKCgoKCgoKCgoKCgoKCgoKCgoKCgoKCgoKCgoKCgoKCgoKCgoKCgoKCgoKCj/wAARCAHgAoADASIAAhEBAxEB/8QAHAAAAQUBAQEAAAAAAAAAAAAABQECAwQGAAcI/8QARxAAAQQBAgQEAwUGBQIDCAMBAQACAxEEITEFEkFRBhMiYXGBkRQyobHBByNCUtHwFTNicuEk8UOCohYlNFNjc5LCF7Li0v/EABsBAAMBAQEBAQAAAAAAAAAAAAABAgMEBQYH/8QAMhEAAgICAgICAQQCAQIGAwAAAAECEQMhEjEEQQVRIhMyYXEGFEIVkSMzQ1KBobHR8f/aAAwDAQACEQMRAD8AcWjTUJG3r+acG2LC4C11nNS9Ce9kV3T7sb6JKN6bpa1utUmgTaOobA0lboKcdF1WPZdQAGiKQxTqKKSjy0lXAe6fQXXQ3dKN0p0SgWLIRdiYrQK0Sjauq7bQBOHuENBQ0c11dJSa7Ltilqz6kkgSobZvdKBpqncv4rgKPZVY2/Yxw0CaGc3dSvPpIrRS44Hl13SBMvYuZhvLWZMLuQAN/d6EAdVJ4g4ZBhMikhksSg+gn1Nrug7raSBuN1Lk5k2W8OmeXHbVNRXsbbRVa31J4IG16rnkD7pTW3uUPQXZaxnNZJeuquPLnsJF0FQgb6xruVoZ4WOwgIMcsIjHOQ4u5nVq72+CSb9D4pbArSCKIJct/wABlb4d4PFlzNa7iUrS2OFwrymH+J3voNFi+FOjgyBPIwPLNWtdsT7rUcAmbLLJxLi4MsTDzBh/8V/QfAV+CtJX+Qo66C8EBhjdxXjTS/InNwwP08w6epw6NGmiyvE/Oy5nTSEukebJqkUzeKZHFc8zTkF33WhuzR2C1nhjw6wgZWfEHAi2RvFg+5CvM1HcuwjHm/4MZHhuw+GxTTaF59IPZVZo2TNuhaLeIcuPN4jkwQf5ETi2MdNNyPb9FkHZM0E3LenYrOUK7ITZDxeNrZGgDprqqsbhfK6/ZWM2Xzn2e2oVZo9fdTVFFoRMkHupm4jzE7l9YHVo2+KSGMOeAHU5E8RxxngyNfHIP4gk6KXYLhBB5Stjwv8AaJPwuCuLB2XA3TmaAJP6H+9VawODYvEsXz8uF0TX35edi6sP/wBxnTXrosn4r8L8QwTG98JnwgeYzwjmYR3NbfNbQkv2zVotY29xPUP8Z4R4j4aPIy24zpWg1PHyuHsbr8CvMONQS42XNFKYpA15aJIjbXe4TMOOXIjkHMfLa0uNbaKk/I5W8pcSOx1Q4wX7SJW+0VJ2BziAQovL5RaTjL3snihxZCzzKJf/AC77J8OO1kV+ZlPf1L3W1Zu6JSKr2kOulNF9ykuhNEG+iV1MZZ3HRTQilJEH5BNIlBrGAqTLskbndXMb7h11QxO2SFummiSvqngaLvjSA2N3OosLuicKCSiWm0WCOYKG64hL7Bd0NbpMbY2wU6tEnubS9UyRK6UaXHsEpBPukI62Ug2KAO4THnololLXRFCYwNBGu6kjF90gaCOqcNBomKheq7W9ErbI21S0eg1SGddCq1TDoU/bfVK7XogTsj3q+iXmNabpQDfRcQeiBHNs9Er9dFwsX39km56oGhDV6JCNL0TtnakFcD0oIFyfs5rQeqQ8t7J2xXEWPZIfoZpelaJDd7J4qrtNJPyCBaGvodSo3Aa0dCpD2qwo+vsjYv6GOGijkqroqYjeyoZRrpeiTfoVMozNu9CheYzer0RiUEE6WhmW01sNU/QNJgXIFsOiB5bTrQ1WhnFAivmgWYCC4kfMIB7R6QNko03pKG2elJwAVG9DTpqk62n6BcBrsgZ1Cl2lbpw66JpCEFnLui6rKdynYooV2IBqlaL01ShpHyT2jqCEAcRX3hXZJWunVO1+K4JlWhg0PxSnXdOI11pJV7hAf0c0AhKb6bJQNNClAPXVNk0xrhbdtFJCwtAI+WiQAdVajFtaCBSLKirIfKc2UPO+6gmbchcRXNqrTo3c40RfjHDRiYnDJHWTkQeaR22/qkh/2ZgtpxSg1qRalkZ+8PbspGQGwXa3sEMER2PM5mgtB6XdLccNaJsbELB6XRNb8SNP0WMfGWOANWVuPCIbJiwSPB8uCYeYQboEix9EIT2jNZ8To8mbFdG0GJ5BoaqbEe+YCNxGjaaOwV/xdNjy+Js6bGB8p5bsOWzygH8QhvB+RnEoZJml8If6m3XMO1q5WhR2bzwP4cL2/bM+M+SaMTHfx+/w/P4b67jWYMbElYw1K5ho/wAum6D4/i7FlY6KGHyXNZ6LOnsNlVzJhI1r3aucLJPVKMHKXLIaSkkuMTDB/JncrtHCwShHEA0ZUnubtG+MsLOIiRoADuw6oDntPmu0OvVVklydkRWqK0wt3RMjjIkFhS8jtPQ6q7JWvLHdfmshpNFtrf3zeUAaLZcMxsbK4CG5kfNI17mteNCB01WJE7S8Gqctp4byIpuHuxpGOcQ4use9ISEtEeJBxLgrXzcKyX+QdS0Cx8S06fMIvheLsYYzm5EUmHla+uFvNG4+7en0+angikEJY3QbADUlHczw5gcRwYmZUPLO1gHnM0fddT1+a0lOMf3KzSCl/RkuMcU4JJwiX9ywZsjC0SYoDRzVoXCwa72CvPsjHa5v7p5J63otJx7gWRw6WWNzZHxtdTZC2g74IBJF5BPPbfYpycGvxFNy9gx+KHuaXhxDHAnlOteyKeIZeHidkPBJcqTE8seYchga7mvpQF6UoHNpp1HzVd4NWR87URarZNuqIoTyvPMllxmymw+lGG2bNgp8lhnpNFQTd9ithayMDc90uKecurYGkj3AQlx1dSZw7Vju9ph60XBoaScuqcaXUgTQ1cdB7FO5fTYC6gdOqBDeX8ErRunEJCPkgBCBsuG3ulDSur3QHYg90mh23S17pa6hFANLSAQmgEGk9woLmjSyT8ErFYgABT69P9U010GqcNRZR2Fncp6FO+C5unuuJoaoFdCEer2SjbbRKD3C6x01QAhBTa11KdWxKQjsEIRxGui7lJ11ThrqV2+iA7Iy09QuA7qSq3KTQaIsVITQjT8U2j1UhA6pBr3SGMAvrSa7WwaUl11pNIBQDRHt0XVzJ1CwatNIIFg37J2JCNaASOqhlGmvRTknTSlFKbUtbKSKT270h+XGaOyJv1cb2Q/LaXA10QyOgHkAm9vmhGY12oCNZDbcdDfdCc0EggorQVRvxoKS0nctahcToa3Wh0uhtfNKBqloVZO64bC+qX8EujiXfJcGmtU4C9gnUB3QIaQAuA77p/LY0XAWdUUHR1HvouI0FD4pwb33SdatMdnAeyX2pKL7LiNU+h99iVfRdWqXTRLy66FIBtDqnCzoNkoBG6c0EbDRAWMo9qU8XpaLFtPW9kwjTROBPLQ1CBFqIAmz8ltOOQYHGJMOPh2QDJ5bYWxvBaIwBtZ31WGZE7yiWv8AV2IVnDzHwuZ5lWFUast9Bqbw7/gwfkcWYHOaLZC0g82+pI6aKnwzGgmmdncSkjgw4jtyn1n+VoCWTMy+IO8hsr3B+h5tdFU8S5UbsqPGxdMfGbyV3d1KvgibBvE5Y5c+eSJoZE95LGgVyt6BaDwtxR+Hw7iOI1g/6oMHNf3av+qzDm3Tyi3ApA3LY2c8jXGr7e6htXodWqJuKRvhc2SQWX3qUOiyQJmE6U4GgtDx4Qy4MjY2zOdC6zKQAwdPjqspyner1Tf2yV9IP87opRIx1sfqCtJh8QilxgJXAcg3JWFbku8prKDWjYJxlJADtQldjtmg4txLHyW8rAW8p0KGZeQ6ONrmRguvl9bdvqqc+R5jQ3l0AoUKS5OTl58zpcuSWeUgAvebJoUEUho5+ZkObXO1o9mhV3EO++de4U0WM8keh2+gIU8nD3Bvq9IKz5FJFENYDq60d4Rx6XhkRihhxHi7uWMkn2NOGiFGAMO5odaU2PHjvfzZQyOU/wDygCfxTTF2a6Px9xMsA5MBhHQRPr/+ykHj7iRcCI8Ll/2P1/FAoW+HeQB8PGjJsSHxgfRTvd4ZbFynE4vzD+ISsv8AOvwXTGmv2I0XXYQzP2gcTc1zG4uDykcp5g4/qsfK8zep45RXVW8g8LIvHfxAOHSRkZB+Ydp+KoTMLj6Xk/LZRNrpRozbt0UuITveW4+KAch4JF9ANyreJg40WPUji6ehbyTqfhsocbCyncW5saN8xdEWBrBbt7OisZMM0D+SVpZJ/Ex24+I6LL0OpKOiJ8TWaB1jewq5DnHUqR7iBV2mMfrqpJJm4WRlRyOggnfDELkfGwuDPiRsqnCyCXtvrYV7zpYWPdBLLES0tcY3ltjsa3Hsh/DNJ3N200VLolhKte6UC907lI7LvjVJWJiV2Ta3ITyNfZJWu+iBDW6bpQASnHfRcdN9EBoZrdBKB3TiOqUpDsjIA1XH2GidyiknX2QA13RIa+ScQCuFbIEcANE4LqCUoCkJWqQgp4Frq1SJaGjbbVLygakBOAXXrQ2QKhhN/FKdwnaLqQOhtC6IXJaHQapTtSCehvL1SAWlDdN1wBFUgLE5Ta6rSgEHddR5aBQOxrhRCa7ZSH1DXZRuB6DZArGE6gUuO1Ul1C7Q7oBOxu4rZRSbaFTmidFE9t7IDZTkbZ7qpks0NaK9MPqqkw9OqTCwFl2DW4QvKaBZrRF8sWT7ITlnSkq0PS7N0RTdLpcRpqnAUNUrqIoLQ1aGbmk5tAUTqEvLW50S0Nkwo4HvqErUgFaDVPA0GyBCXrSUXeuy4DVOoUndAzqCStdE4VsTaWgBolQIQDTZdyGu6fraUgWhIqkRhuvZKG63RThtvouIrUJis4XaVoGoJpKAN1zddEh2cRWgSkChRS/HoloE6pdCtEscj42WKromeaZHEuABXMc0Ru7jomRU4k1oqRfZfZxRuLjuix42CUj/ADT95vwQZzrOpJKWWhIaKY0Ub1TulQkSx7gHUAqYTuimbIGiwbF7KJhDBblG5xebN0pX2BbyM+bIDjkHnJ1ugK+FaKpzOdoCa7KaAxtBDwXDskne133Y2sHcBNysVJCRNN0SB8VcZj6242FRY4AmySrEbnkDlCllUWw2OvuAfK1wmYzRrTY6rosfMlbTRTfc0p2cHkvmklAvsLS0UkyIZ/8AK0Ag9UsuVky7lvL2qkWg4Fj23zC9162Xj9E+fh2HAC6mfI62hfwiuJn3mVxFgX7KSMPaLc1FRJiMJB8u/kpocvCDw01zH+Up8WLj9AwZIZEQ/Hbf83X8lIOJwcjmP4djPBFBw9Lh72AtTkcMwZMZs0jXCMt09R1QuTH4a5tNiYa03I/VCl6KlAzsskTr5cdo+BTGENs8hPzWhfw/C5CREG12Lv6oblYsQbTTytvoU3ZLgxnBc04fFMbJhlGPLG6w8t5m0RRDhvRB6KbxTxaTi/GjPIzGqOPy+aEGpOt2foqDvLj0ZX6pXlrYy6gXFUppLoNoGStIea2TDESQQpZOXmJFgpIy+6GvssyaaJWMLmkO2VXFj5Mtx6aiwnT5To+a2mgNR1SOjZjSxDHzIsxjwH+ZHzaX/CeYA2E6FVhAb90pGi60pKQjgD0SVrQ1SgkldsaQISvquqgnjQajVc7UaGkB0MrvsuqlJWndNQSxp62krVPcAdRokAtAEbguFJ3L0Tg0AaBOxCAey6vqnV9V1JBQgbRXOFdU8VsLSFp7JMnoaF2gTgDroubR1QFjQOY9EpFD3S0a02Spi6GjRdy8wTuu31XE/FIr+xhZpa7Ya2nHTQpDe1pk0hp1KSqPsn1suJo6ICxrmg9U0jUjon0dymGtUCGO27hNvROofJKBXS0hdjCARumSNNFSFtEk/RNIBadLKAtlV9G+6pzjQilekBHSiqko0IOpQCAeWNTp9ELyW8zSOiNZ9tugUIyQ7kJPVBRtARVd0oFaVSU1QobLviq7Nhps7J4CQijYThqdAgQgCU7jRKKv2SkWNNk7GILKcN9UlaX0Tmit9k9CYuhqvmu5VwAJ0G6c2wKSBIT4JenuurVOA+SA9iDQJQL3C410TmjRFgJXRLVEH8EugGq4+4SCjmneylAs7JKF2uOnXRAIfj+VzOErxHoavRQR211kp8waYyCDfQqMse1orWk06LWyGdtvtSsiIi53DQ7J8P754HLsrbyADdmhoEg6Br3tc0NAOiaNBRSy+lx6FMAt1nUpsErHtBI9KsNxZHjXQKOA8sgJ6JeJcZxsGIfaJo4vYm3H5DVKzXHinN1FWXcXCjaQZDzFFfMggA5QNBtS85yPGLWvP2PHkkOvqldyt+gs/kqWR4m4nkt1n8kHcQjl/Hf8VnKUY9s9fB8H5WRW1R6c/iXlQcx5I2D+J5A/NBMnxThssfb2PF1UQLtfiNF50ZHzPL5Xukcdy9xcfxStAGuoWb8iK6PXw/43D/1ZWb53jLG5SIo8px/1Frb/ABP5IbkeMciR3JBiRNHVz5C78gFnG4rpGhwJF91DPC/Hb66I9isv9p+j1MPwPiR/42EcnxHnPeQDAz/bH/UlRxcd4kXenLIH/wBpn/8AygeoOpKlhAL1n/sTvs9SPxfjQX4wX/Y9EwONcTzMCNoz52sAqrFAhQww8azswwYWRmyynXlbI4D43sFY/ZfwWbjOXPEPRjxlpe/tvoPcr2vDwOHYOK3HxDEytyCLd7nuVtjWSbuzxvkPK8fwm8cIJy/ro8rh8K+L2M5nOncKvlZmWfpazPHXcWwy4TZWS1zD6mSONt+RXu+bxnGwZIWOdfnA8jwQWWOhPus74hl4f4hEWHmYtzyEtjlhdzObWu9bexXRKE0rTODxPOnKV5cK4/wjwv8A9oOIwuozh5H87AVP/wC1WWf86DHf7M5mfqUnjLw9leHeJPx8tvof6oZANJG/1HULNPdWh1XFPNOJ9Kvj/D8vGpqCaZrIfE+K+hPFLET1HrH6H8ETw+I4mQR9myWPf/LdO+horzguN6JYj+8F9UoeU72cHkf4x401cPxZ6Jx7icXDII58pjzG94j5miyCddR20VjheZiZ0InglZI3pRWB4hkSZnDXY8skjomkOa0uvlIOlKbwlI7C86M1yucHj30o/ouyGRTi6Pj/ADfi5+HlUZbN+ZHy6A8o9lYijkA1dY91XhprgAdO6L4bA+gNVyPJJPs64eLilDoh5SAkohXsrH5RzdFUItdWLJyR4vleN+lKl0NCUbHTVOAK4rU4+LO10XHsBonEADVM31CBHcouwmkJ4HUpHa6bIE0Mr3Tqrqk6p4o/BNkoaLrVcwDqUp0FBK3S9Egs6hrS7W/ZKdkjfdBTYl0KTq7G0gaO6d1rsggToKXcta0nVXRIR33QDEA1spN9xSd7dUjgOxtAhHC+ibWuyeN0hFaFAxpFLh+CcRXuuO2iQtDH0DuonClKQDvumO1OpQSyLrvqnEeydVG9EtWLpMEqGUf4tU0ttSX8Um6CrKz2+9qlLuaKvy2NALVKfdLsVAfPbVm0GlNg3qPdHsxoo8wQWdp5j6dE1odmycewSgWEi74FPRtaFIHuE6uxTbS6fNIfZw3T9SNqTdKG6eKoa6pktDeVSVQSAEm7SjXpsgNi+10kvXdKACO5C6vomNCAa7m/dOFfNcAQU40dggTddiA904FNHUDROvUWEhXYvWynJpFgJRda6Ioro47hKR1ql3RKPclAKhC3S1Nj4nPGCCavVRfNS4uRyAtc4tOwB6o2aRSsl5GY0bnAAu6ITDm+fjmTZ9/JT8Wyjjx06y8iwBuUDm4hj8O4eJ817Yy7aMaknsAh6RcMbyPjFWy5zEk2TaDcR8TYWJ6cf/qpeoYaaPi7+lrMZ/FuI8eyfs2JG9sTtoWVZHdx/sIdxDByuHzeTmRlknKHABwIIPuFjPNXR9N8f8HC1/sPf0HJ/EWdlgtEohb/ACw238d0JkBLiep6qHF1U4kAaTeo2XI8sm6PqcfiYsEaxxo2HBvDPD424ruNTTtyMj/LhiIFdrJ3Psl8X+FxwbysjEkkkxXnkPOQXMdvuKsGuyJ5sT+M/wCH5vC5o+SB3nhzySObSga7VsiWH4rxJeJwcPlY2SeR4YS0h8bHdBZGuv0Xpf6cHjUr2fHw+V81eVK4tpXr+ADwrwLxDMiZJk5GPhB4trJLdJ82jb6pnHfC+fwAMfkmKbHkNNmjvlvsQdijXi5/GYGSZLGNfjNe13PHK5rx7OA6Xpp7I5xjLnzPA+U3JYPtMRadCTfK4erXXYlE/j1HHyTth43+SZ8nkKM0lFuqPPmn0Fw1oWh0075XFouu1Im5kro7EbyzuG6fVMdigtsijS8mS4n2+GcL07M688zjetKbG9JBKjlaA9w6A6JYiSdBayPUR7n+x/iUUHh57YYfNm89wkDd76fgQtdkQQ50hL+HTt5zbjzkX8qXjHgbiOTwzJM+JJyvoAira72cOvxXsHC+PcM4s5oy5JcTIIot80tYfg4afVengknGrPi/lfEnizyzQjaftXf/AGEdw+BrMmMcLkIrYyEh3z7qhHDJDlxZMPB8pr4ySKeT0o6Edlrf8Kw3MeHOkkY7X1SE/Q9FjfFfiThnhovjwDJk59V5XmEsb7u6fqtXF9nm+Nknml+njTbf9/8A7A37Zs3EyPCGP9oZ5OeZmmCN/wB8a075UfyXhzjTqKMeIuJZPFeIS5ebKZZ36AnYDoAOgQKQuJXB5MlJ6PufivC/1MP6be3s57dbuyoyKIoapzjQ1tN5mkaFcb0em8bfQ4ve1p6jslilDeV2oIULrHq6JsZ5nlp0J2V45uL0eP8AKePjkoymj1Hg8hyeFYU5PM4sIce5BIWjwrYARssH4Lyz/hr8Z5Fxv9OuwP8Aza3WE5wiu/qtbt2fNZ8H6E3D0TZk/MOUlVBrqF2WS7UJILMY7Lowy3R43yWNPHyQ8bLjvolTw0UCSus+epkdHrsnEfVL1rRcRtomLobX1XbfFPApIfgkIjI7JQ2gnUBolLR7J2FDKvolI0F6J5sChukI6FAdDdlxGuidV0lrqQgQ3bol/NKRY1ISAfNAhW7Xsu5bBJTiLAFpSLoIAjrQUkCkrtokDaNkoCiMmvYrvknOAv3Scp3QTsbWm2ybXspCCLTatMGxp213URGpUxF2mlorskSNDTXsk+akGgpJy2etID+hhaaspCn+wKQiybpAXRBJo1UpK1sIhKCRoqcjaNWldByBWYzTT6IHkggmx9EfywQ0mkEyTbiLR2NUzUgUuAPalwOqdfQhUjbR1dl1G9dkvtsu3T1ZRw1PWk6qN2mj8FJ1BQyH/I4D6pQDS5pTh7lIaEIHwKWhWy6u9hO67IFYgFlKKB2SggO0XEp0OrEo3slF7dEo19koHuiwQg6gp16Uuo2uqykAg9ylA10StACcDSRXR1WFXn9L2Oq3A6KchDuL5TcTHfNIfSwXQ77AJlwjykkil4p4tFwvGa4/vMqQHkZ+p9vzXlmXm5GXkvlyJDI8nc/kOwVzi2ZJm5D58gl0rjrrdew9kGLqcQdSubLP0j7j4z4+Pjx5P9x6h4QhZHwjGc1o55W87zWpNnT5bIb+0ePldw6UDQh8ZP0KNeHBXCcLQ/5LDZ9xf6qh+0WPm4Rhntkf/qUscU4nF4+V/wC+r+zE4+vsiTuEZsnDJuIxwf8ARxfflLgPoOu6K+CPDEnF5hPlB8eA06u2Mh7N/Uo/+0nicLMGLguCGtjZymUM2aBRa39VhHE2/wCD6bJ5qWZYMSt+/wCDzZrBZNCyifDg5vK6M8rmmwW6EEbUqXlkuGyMcMxJnxOc2GTlvfkKrnJas7MscSVukzaYPjXPixTHNjQTSBteZzFhPxA0+lLS+B+KT5mFk52eImOMhZGGigAACbs+6wWBw3KnlbFjY8ksrh91rV6Twbgp4fwKHDyWDn9TngHYuN7r0PGzSm1B9HxXzvjeJgwueNLmwm7xLBgxtkypyQTTQ0HlPte31Qr9onBsX/Dm8Xwo2xvJaJgzRrubZ1bXenva6bgLsrGEMz/IxWP8xjQeZxd3PQD2VXxjxWIcJbwmEMslpe1oprADe3uei6/KwY3C0jxvhfIzLyYpN7PIssATyC9Qdk2E07UJ+SHGR562TSjiuwTQ9l81J7P17HTib/wJwp2fBNMJORjX8v3SdaB/Xutk/ghjjkcyR7nNbzFpiIsfG1j/ANm2VN9omwyMZ2IXNllbI119vTXXTqvWGZkTWlronuY1oDHBvTsuvHjTVnzfyXkZsWZpdGFwYM2fKEeJlywxAFzyZXNYB8kA8ScLn4dkuZkUTJ62OB5g8HrfVafEzMGLEyMTKldD5tcsrYy8itxoouPy4TvDzYsWR2TK2QOY8xFnIOo16Km5OPZ0Yc04Zl+Onrr/AO7PP+H+HczjeTkR4gFxM5tWk2eg9r1WcdGGOc1wIcDTgRRB7L1fw7xGLh2ZizOnjjhcOVzfMoaj+Id76rzfj4ZLxjPlYWuDsiR3M06EcxXPkikrZ62DPknmlCS/GtAiQamtlC6g7YKw+xoNAqsut9CuWTPSjoe6uUcw0VJz/LyOYDUHqrcJLtHCgosqB7nh41oV8kouns875bHKWC4K6NB4PyQM57LsPbY+I/7/AIL0eCeoxX0Xl/A8LKgdgcRMLhiySGNrxsTZaR7dd1v8Z9gA/muiGj57z0pqMgu94eNqTsegSqsb9ArOPfMfhstcbqR8956vEyYtAKWjSWiNd0ovoNPdegj5ZjXCyl0pOrWyVxHugkaKrsloVpaXpslArYJjGBvcJC3XsFJuNl1IE0N306pA3un0u5bHVBNDKr4pwGqcAAuQFDXN7LgFINQm0CgKsSu9Lk4Li0dUAMOg20KSiTvp2TkoAOiCWRgWRS4jspABSQg0gVDOlVqm0DtupHD5Jm/QoCxvKF3KnBoB1NrnUdigaIyDZXD5fNLy67pdBvqkIZy66JpFnRPdXVNLR3QJsieDSqZAsK6/a+iqyjQopi0DcpttO9IDmNp2lLRTtPKaQLNHq1r6JBRoGkOFik9pvZZmHLkx9Q4kdjsi+FxGGYgXyPPQ7I5HW4P0EQCUpF7JGkXpr8E4GzsqTIejmtq7ATwNPZdrpaUg1eydiF6V0TqNGgkaND7dE8WPZAtHctj3S10tLvquHKdOqAoQN/BLy2Eps77Ljoiw60cG1olAo1unAadFxF7osKGir0BS6gpS06apSKApA0J8dEoASjv1Tr1rRA2Nd7LLeOzycNiDa9UmvyaVqyPZZzxtAZeFNoaNkB+qT6Ovw6WaLZ5bMQCe6pUPMvZFm4UuTlGGFtv1uzQCH5ML8Wd8clCRhorgktn3+GcXpPZ6pwMVw3CB6QsH0ACIZ/B4eLxQRZBIijk53AfxaEV7b7qhwM/+7sMD/wCSyvotEyRkGO+aYhscbS5zj0A3K6MS0fKZZShncod2VOO8Wh8P8KAhaxspHlY8bRo01v8AAbrCcL4bk8bynta6z9+WaQ/dB6n+iHcf4vNxnickxvym22Fn8rf6nc/8L0XguN9j4RDjMrzHjnlPd3/GytQc5LHE9jLm/wCkeJ+tLeSQvCeHYHCeRuHjtmnaNciZocSe4HRazh+TkuZbpXfLRCsTFA1I1RnGdHHHZIAG69SODHjVRR8Ll83yfJm8mWbDOLK97Bbndt1HxSePEwJ8ibVkMbpHVvQFqHhvEMfLjL8WRsjAaJHQ/BLxuD7ZwjNgGpkhe2vkpceLtI3wy/UnGM2eaZPinjHEOdrJ/ssXRkLQCB/uOt/CkM5ZDfO4lzjbnONk+5VrwfwnI43myQRSMi5Yw9z3C6Fov4m8OzcF8t5mjyIH6CRoqndiF5WfLlyNr0fo2HH4fizjjgkpM89zW8k8gOpLio45Gg7UrvGGDzWm6NWUPaRzDZee1s+jx7joO8BYMviOPACAXu05tAaF1a3WNhudK+D0BzBr2+S874TI6HMgka7Z4uhdAmj+C9JwDz8Sisk85AJP0WkLo5PMuO19F3wb4abx/KzmZOTJEMZ4Z6APVd66/BbqP9nvDhAY3TTkH3H9EC8HSu4ZxTihZHzks8zkGl0Sf/2Wgb4vyi4D/DnDuAHu/Jq7seHlHR8X8v5/k489Y51HVf8AYFZ37KeDT6mfLa4dWub/AEXkP7RvC48L8WbjQzGWCWISMc8URqQQe+y9sPjTJGbFFPw57YnvDS4MfbQTvfLX5LGft2bFl4nCcyCRkgjkfC9zTtYsA++hSzePUNo1+E+X8qXlRx5Ztp/Z4hINPkqnKCSD+KIvYBen4qpLHykm7XkyifocZlPn5XULVmAWbOoULgC5PYeU9/gsujqxy5Jpnov7N/L4lwzi3BskgN5mzxHq29yPgQD8/dSxh+NkPhlFPjJYfiDSz3gLOGB4uwXuPLHPzY7j/uGn/qAW28X44g4y2QDTIYH/ADGh/IfVegvzxqR8V8tB4PKr1LZHCbo9CruP/mVXRDsZxJF7Ihj/AObR2pTiX5Hg+Z/5cizVXX0Tmpa99V1UvSR8o7EvUJQLXBKAQCmT2IUo1HulXNagGmIBqFx3TqNpasbapi7E6a0kA3UhGvum9ar6IAbR0XFvsnUST7LqBG6QhNOy6j2S8taJTQO6AoY7fRIpKs7kJOXXqgljCKOqTqpHDW0haTsgVDdLXEUOydy9RqEu/wDRILIiL3SbDZSHb3TenumKrZFZJAohLXdPIKSqFXqgKGEG0lAlPIvUpBv2QL2MIB6Jjq6KRwB2tMopAyN1HQH6KtN92irZOmgsKGRvMExIGzNtpQfPaaKOTDUoRntOpropf2WgZOwsfXRM5OoVqQiVhrp1VQW12uilbR6NbCGFxCSGmTHmYOvVHMeZs0dxOsfkssSasj0+6fjzyRSc0RI7juknRnOCZrbO5GgTrsabIfgZ7MlvKaD+oRAGumi1Ts53FxHx1WidpqO6Rp07JwTJdCgUKGy6hei4DpsnNF9UAcN0tfVdXZObZQA3Tek6tNF3slOhAGqBC8p6pOUD5p2p3XNAs3qUWWjgOoSj3XAdt1xsGkg6O6IV4jZzcJlsdWm/mEWdpeqp8WZ5vC8lvXyyR8tf0QzTFJqaMBwmEMzMx43LxQ/lGv8AfyQHxHGZePvbCzmeWsbp1Nf9kXdxCPh+dkiYOc1wafSNdB/yVH4caM3iWTmyG5ARyjtY/QClyy9o+x8dzg3mfSRruFMOPi48LiC5jGtJ7kDVWfFQc7wpxBrXery+b6EFRY7acNaPur2cwT8Kyot/Mhe2viCtMf46PJU3+spv7PK+EMEvFsSKieaRuncXZ/AFb2bPyI5nQxZbMRzWeYC5gcX+w5lhfD0oh4xgPedBK0G/fT9VsuJMwn8TbFxJjXxtjuIOv1OvWiPkuz4+ucrNv8tcm8b9Gv4flSSYUUsvK1xYC47C63Q97uGcxfk5LZMw+onHebd/p00I9ih2NwabLxse8mSCNvMA0gkln8N6jYfgj3CuA4OK7neHTSgfeedPovU/GJ8bTZHDx6EZUbcbFkjl5a5i2jQ6UL/NaHhXEMvIjyJMxhha2wxrmlttrc31/BV2OjhNxNa09S0Vaq8cy3jAfFC1zpZx5TQ3fXQ/gpyNcW6Ojw4yyZ4wW9mN8McTn4LOMqFlyEcskbtnN7e3xW6m/wDfnh/Ilxg8iZnmRxnUh7TZb9RSxPFHtbmRY0by8RxgPOuh/Ur0XwhGMPwhjSSCi5z3D2BeaXiYZtzcfTP0H5nDDFhh5P8AyVHifEJRkSg0WiqoqsGhvTVa39puLHF4ndJE0MOTCyZwGnrJIJr3pZMenc2Vx+Rj/TlR9R4GaOfBHJH2i/gMtpvS+y9VGKI5oJonueHagkbj2XlvD5K1BJPYL0zEy2jheGGW4xNDD8dv0U49keepfjX8mq4E4N8Rw3Y543R330vf5KzkPzTOWl3K8GrM0n9UJgyXHNw5uQsPM0E/NDMnKlh8SZ8MszWFkjiG+U3YmwbqzoV6OFqj4X5bE24y/gJ8UdnGdhbkwB2ltdPL+hVP9o+MyfwXlua2AeTNHN+7dZ1cGkkWTsfZBOO8Ql53NZOdhX7ttH/0rTR3xf8AZ3mOfEzzJMF7S4Y9EuaCNXDTcbUFplXKBw+BP9LyIT+mjwecgu5aquqqS2RQVibWjVEi1A4jbqvn56Z+tIqmg6zp7JQWudRGnsnyNF6XaQjUEBQdOFW9l3J8qDGxcjEmcclhEjmkUWOB0r22XrXimZnEfDvB+Jx6c9E/B7b/ADC84bJhnwd5Zgb9udkODZaFho137a1S2PhPI/xL9mHEMUt/ecPkJA9rDwfxI+S9DGqjxPl/nE5w/Ur9j/8ApjcJ11ZRbFv7R7UgXDXEt12CN4B58nS65ToohqR8t5m8bCFbJavonVp8FwBXoo+XbGUnMNJaslKQANaTI9jQATqE4NrbVcG6brhYNIBsUtsLmiibTqs0lOiBDDqNkg39k4gVeqSta6JoTdi1qmnTdProuItFD9DBrScRfZLslAKCehnLpS4AAUn18klDRIKG1roF3LW5TyAEhFoBpDToPZNIGikpd01tBNERBuxS4bnQJ1nmSEe4pAEbgCfddV6J2h0GqSuUoFsaRqk5Qdk4nTZJVaIYdsYWhvRMOp9u6ld8LTNdtkglSIyN/ZV3h2uityAdrKgl06J2QUJw2yeqD54IBIBtGZhod0MzBbTQSY1YH5hG6ikmY1w526J+XHQ5ma0ocd3PbSskz1mhBqKtRyhzdW3SdKOSTlG6c0gtpx1Ta9olIZDILBBLXDYgozh8WLKZPbm/zdUBmiLNbSxSg+lxQmJxvRuYJWTRXE4OaeqnDbGp1WJhnlx3c8Dy0/gfijmBxuKWmZI8p11f8P8AwqjIwljoNgEjonAAhIz1NBFH3BTwQDqruzJxo4jSqSgEhL8bXNGvUBAnoUCktE0aScpvdPA3QOvsSjWqQUBtZSjUFOA6UmMQNO4XfHROFk7Ja9kAhgHfZRZILseRgF8zSPqFZGgTS0UNdEFLTPIOM47peICKMW9wH9/gg3FsOXh8zWSSE8zeYOYSFsJoeXjzgRXI0t+Yu6+qB+Mm3PikEXyOH4hcmWP5Nn2vx3kNuGP00HPAmS6fhLxI57nRzEW51miAeq2uPq0CtDoVhP2egjh+QTXqmr6NC3MHqbVqsLtbOD5KKj5D4nkT8Z8fFZMa/UyZ8YPaiQD+C9P4PN/iODHkSMHmMPLICPuvHX2Xnvim8PxVl8hcz94JQ5prVwDvzK0Ph4/4pOJsfKEGZG31McdHDvVaj60nizfo5W2ez8p8f/1Hw4SXaRtWy8r9fzVuHIANfisfkcXzoJzGeHfaHNrmdG+h+RUTePcTli82PFx8aJsoie6aQuLSa1qhoLXsR8rE1bZ8Ov8AHvNbqKNZlZ0OIwzZEnIy9Pc9ggsvFGOyn5eZG7nYz/p4C0gEHrffTdUMqbD4fmF+Xkf4nn16WloDGA66aED6qplZUufM2WYNBIADWig0dguHyvN/UXCHR9l8B/ja8Z/q5dsZiumyM+mDzJ538tdySvdfsLeHcBgxnkEQRAGhV1raxP7OvDobLHxbJYDf+Q1w/wDX/T6rb8Va6U8jnen+Id1HhY25c2c3+UfIQnJePj6R5F+02aPJ43C+M2WY7WO+NuKxgaCdvitR+0kwx+KJIoPuthYH0dnan8iFmGAUSCQuTzneV0fX/BR4+Djv6L2A03oa+K9Nw4QeBiSLoA4/0Xm/D7FAUV6X4VMuRwwwRBoABsOJvTt9VzYnujX5R8YKX0wlhYzpOGNm+0FxLeYR1q3XdbVmPJPktnjaC2WJrqEMR6d3EH8FleE8Mw58B8zpGCVpIPNLy8vahS1PBZJ5OFYckOZDC1rCxxeGiyDQ1IK9HFE+I+XanFten/8An/8AhU4zgVA95ieDt/k4/wDRRcHixHYrWZcpjl9TA1/lt5welN06q7xb7dJg5To+LYwaDRJjYa9/u6rO+H8jIHnR5XF8DLt7acYWgNHUekfDddCSqjwI/i0zwbieOcXLnx3inRSOZp7EhDnkN6rXftCwxi+MOLRtqvO8y/8AcA79VkZWBpOlgrw8yqTR+w+HP9TBCf2kM0Ju09w0bsowPopOW2ijquc746Ndw7hLMnwJPlAfvoZnSADqzZ39VY/ZNkgcW4jwuXSPPxjY623Svo4/RFPA0Rm8ImB7qjkfMwk++ix/hiY8K8W8OldbXsyRG/25jyn816Thx4y+z5jNlXkPyPGb2to9BweFiOEOe5gPUE2forMDGx5LWtqtdVey4vLypWbgONfBVo2ATNNLLqR8dmtwZaAJ02C7ZOC6taXoR2j5ySEAXEWdk4aJa2/RUZjBexS1evZKRS4BAhdToU7QhcBvZ0XEaIEN5Teg2XAJ3e0lHYphQmy6ingadl2hPxSBsSqvRcB7aJao0lrbdAhrhQTQKGwUhGuiQtshAmxlAiq1S12T6+RSGjpeqBEdEHdcdRrupOXRJyhAmRUfqurpWqeRvquAs9bQJojLaP8ARIRp0TyE0g2gNjOXubKQgEKRzTumhtXZQD0REUKTSFK4a3eqSjVkJE9kdV01UEt2bGitV30UMw3pA6foHzt7FDcxoDT1KLSi9Dp8kPzGHl2CNkpMz8cnOwteKKG5TnYswcPu30U7ZCDok4gGzYuh9X5LJHrPomcfNYHCr7qG6dsqvCMjnYY7NhWninV2S30El7HUJG0SqmSwxvFAn4Kfmr2pSvaJIrAso6HFaK8GQCOVwUr2Atu9e6pSMLCSrWNKCOU6osRbwOI5GC4BhtnVp2K1HDuKQZgpvpkq+R2//Kybmc21UoLdE+xYI7KlIzlC+z0azWieNuqy/B+OctRZlluwf1HxWljc2RrXMPMxwsEFaKSZhKND11J2gGn4pRtdWmiDmgVaUUuAPdcNN9+iYzqJNJyUFd07IHQnRIW6FOI6jUJQCW7BAzz/AIqwt8SzVQBc8fr+pWZ8XhwkxyP9X6f8LWeJW8niSzetO+rR/wArKeNRriuadg4/kufL2fTfGSXPGwn4XyIsDgUMs/pbLITddzQv6LbQO0I6jReYeJZPsuBw/BBHpHOR1NCvzJWu8HcZj4jw5rZJB9qiAbI0kWa2d/fVZY5cdHT5nizyRfkRV7A/7S8Qsy8PMAtsjPKeQNi3UfUE/RBfDM/lcUhdrXqB/wDxK23jPiHDBwSfGyJo5MlwHlxNPM4OsUdNvmvPuEOriGOT/ONFHkdpo+h+GySl4vCaqg/xPKzMXHD8bIeznd6yDf5oHDkyc3rnkILuYgvNE9yEd40G/wCHSECuVwIPzWbb961m5Oj1PGkuL0GZGCPI9Omt0Fs/A/A38ZyPMnsYUJ/eE7OP8oQHgPCpeMZWPjwtNvALn1oxo3K9owsfH4fhxYeDEGRRigB19z3JXR42GWWSPA+d+Yfh4+EX+TLxymY4Y1gAIHKxjdKCB/tC49JwPgceTjxc2TO/ymud91hq7Pf2CuFrvMJYwuk7hZL9pHiHDf4el4ZHWRkySMdIQPTEGuB36nStO5XtzUcOPR8P8Vjn5vlx5R5K9nlss8k0z3zPL5JHFz3uNkk7kpWkgjVVQ7mO6st9QsCl8zkk5SbP1yKUFxQTwJC11jVej+AZhJJLE4c161ft/wD5XmeLsNarotr4UyfLyQY3Bri2w4f37qsbp7OXzI88bRs2wQCaXzGM5g4gB2tDstn4Mkj/AMNmY9sbmxzHl59gCAVho3Plmt2rnakreeCWBv2hrNL5Tr813Yj5b5Vf+A7/AIC0mTjiCdnJjcv8QD3DX5N0WMxOOYT+JSxQywwzhp9UEpe+hvo5gC3WJHMXZAmB+9ppoRS8ym4dxHH8XMIdMIjM5riIiWtBNXzX0u9unzXXHim0fK1aMH+11hZ4nZMCX/asWOUvc3l5iCRqPgAvP33ZGi9g/bbw/wCz4/BpjkfaP8yJ0ta9CAdT2K8imAGh1XkeVH8z9L+F8hS8ODv+Cq4kLh/dJz62AXMF1pa4me7DMeg+CZnHwpK0mvKzCNOxYD+drMeLMV8HHJJWGhMGytPY9fxCNfs+mHJxfDlNiSJkzADoHNdX/wCw+it8e4UOJ4Lq5hkQgvjoXzD+Ve9CH6viqS7R8H53kf6Xzlyf4zNfjZH2/Dxcy/8APhY/TayNfxtNNtlbppe6HeES9nh3DZINY+YD3HMSPzRF7rkb7lebLUjj8uKhOUUWwPToE5t7pWj0+y4XsvRT0fKyexo1dqnV8U4Cjsl3TJGctartCbKd8lxCYjgAlPzSgaJDqUCEOtaFc3Ueydt8F2iBbE3XBtJfcJdtECY1oA90tapQKSpioaWrtk6l1WPdIGho1SVaVcRWyBCFoKTTVOIXctjVArGFvZJQ3tP2FBJRCAsY5ti0z46qY3Wybfa0wZGTqmloOxpSuo7V80wgdEhDCB1sprt6AUhsDVNaNbSoX9kRFNspkg02VgjvqoZANa2Q2LopTaXYVHKDS0mrRCcGq6qnONKISaBswQdWw0TmvB9PQqJtEJslgit1j0et/YO5zh8XLdQx5/v8UdL+dgeAs/xwc8bJzZcygfh/ZRPhOQJ8UerVEn7B9aLBok60pcWTlfy3uo3hM1uxomJbJs6E0Xgbqgx/lmqRaO5IQHboblRcsh6oX0XLZcx5A8cpKlfGDtuhUMpDtCaCK47+dupFpdCSRAWersQifC+KS4Tw2+aK9WH9FTe0Env3UJu6AFquyWk9HoWNlRZUAkidYO46g+6sN2F7LA4WbLhyh8ZI7joQtnw3iEObEDGaf/E3t/wri67OeeKtl7XsuqzouBTunutLM6E5dUooaaLumqUC9SgaOr+wk07pwq9KSUSdKSCjE+N2+VxTDl/heA0++pv8KWU41H52VgtIJHObHtpf4Wtf+0lhbhYsuxa923ahf6LIZ/EceLDEwcxz69Db1v8ARZ5a9nveBKXCLiujPeJcsy8ZlaDzCMBmvws/iShjeVxtwBCSUukmLnDmc4kmtbKMcN4KZpgMuQRN5C/kjIdIR2rYFcEu6R9ngyxw41GQPaWtGmgV7AbIybHkcxzWOPM0uFBwB1o9Uf4LwvAgyuJR5HK/Ha1sQdkFrS3mF3ewd2TnQYjsCDHzM6OPIw3yNa0MLjIHGxttaFjbNV58eorRcy8V8vDM6i0hjA8gmttaH0QDhHDMrimWIMOIvO7ifutHcnovTfD3h1mVhZEvEJXRxvh9FD1P0P0BtWMFsWJjNxcCJsEW5A1s9yepXXi8WWRfweL5X+QQ8TlGG2EfD+FieHeHsiiPn5b2hsktb+w7D80ZgynND3OaXPdt7IM2xC3yqc/qXITx7xEMOCTHjePtrhQAH3B3P6L1McY4IaPjZPP8nnuW2yPxr4qnga/h3DZTHIdJ5m/eH+lp6HuVhc2V32RurXXumZLy5hrva6NrZMQGQBoFryPK8l5ZfwfffG+DDxMajDsHMbrdUrcNEHoQFTIPOT0ViAWd9VxaZ78k6L0LhoDqVpfDr2Rzx+a0gHRpvZ3RZvHYCQXalaXgURlmYLsNNrSNGUlp2bnDfIXDmadP4gt54KyB9qcw2HOb+X9lZLgeOMqQRAhrgLulu+AcNfDkNkpoa0bgbr0MUfxbPlPlcsOEoPs0QiaHudQs62stxjwi/O4h9piyMWIBwcA7H5nfXmWttYXxb42yOC578WPDY4gcwc6Qix8KTjKSPmPHwZPIlwx9gP8AbLwbHx/B3m4sZb5OUx5F3vbf1XgE46L07xj+0HN45wefhuThQQRykEva8kiiD1+C8xnczmOoXJ5LUn2fbfE4MnjYeGZq7+ys5u+qaCQdCue4F2hCY7fQariaPcxfkmrDng/NGF4jw5Xn928mKQ9OVwrX2B5T8l6lHAHZQvRzHanuvFIzy2CavsvXeBZ54jwzDz+YF7m+XJ/vGhv47/Ne78TNSjLEz43/ADXx5KOLy4/8dMswRvxc3IxHH/pgTLCaqmuNkfIkj5J7yBI3WwCrskhfiEO/hoj21VAtqjfXVcnmYXiyUzy/F8peVi5PsLN1o7JSEjdhonDdbx6PGnqTOXFKN0lHdMg7Xtok5T0TlyBP+TvilIC4hdugKErTVdWlUnVfQLmixqUyREu4S8otL1QJjdeyXUdNU46HZduBomISrTCFJr7BNLReiAGjbVcQnfmuIOiQroakO6cd0lWnQdjSlojbVc7QLrJFFAqEq01wGtbp4TSNb6pDIwD80u5oik4gm+iTl60ghIjcPdNrTRPcKOibRB7ISH32NaFHI0AbqVw1TZBbdUBpFObUKjOz0+lEZNG6KlMPSUjPvs86Ip3skIDiSpgNNRsmPHsKWFnr0/ZQzoA+B7TsRuhnhnIMc8uM40QS+voCjszRyG9VlMwnB42yVoIjdRNdAdCnXJNAtM2Uoogjqoi4qWNwlx2usH4KNwqkoO1sppxLOLKT6TQS5kVs5upVWM1JaI1zx2n0NO0Aneg9aVjHlIO5S5URB2JVZjiCLFJMSQbicJGXpaa9ljS7VbFlNjqeqvAl234IRVEDKOjlPiyvxpWyQuLXNOlKKVl+ob9UkJ0pOyTb8I4ozMZyuIbOBq0bH3CKAa2vOWPdHIHMNVqCFrODcYGRUWSQJdg7o7/lVGVGM4e0HK0oLuU8qRp7J21e60WzCha9tUgrUJ1a6ldVqh1RlP2hx83hyR4FlkjCB11P/ZeNuxnzzcrNDuT7L3HxtEZfDGcB0DT9HArxvId9mIcw0dtlh5H7UfQ/DTfFxRNi4eNj/wCc7lf0eTp8CuyuKwwyRS405fI1vKWtZycpqrLup+CZhYU/F32+Ty4G6OdWp9gtTwrg3D8QAiESP355gHEfhX4LnhBy6PWn5OPA7yu39GSjmzOM5PlMDp5ZCCWsG9CrNe3UrceHPDmPw0MmyQ2bKHqDQPQz+p/v3ReF7WtpjQ0HT0ikQgELY7JHMO66sPjq7ked53zEpx4YVxRoeF4zZ2MlzJnwxOaQ0tbe2n6IMYQ1xtzWMB2Rscbjh4Xi4rA4SRB3rFEEHX6rFeJOMR40cvk8pk/hjLtR8fZenDUfo+bWN5snGO2y1xvjcXCcEmJ7ZMp3+VH0/wBx9gvPGzzTTGSQ+ZI8kvcepPVWcTHn4gzJycmXmLQC91b3sAPkrXAuEPychpsBou7+C8ryszyPjHo+2+N8bD4OPe5ewcXEgh3pU0WDNNimSJkkg9mko3OMXFjcyKEiTq6rP1VzB4iGYUwe2xy6C91yfoN9nZL5HhvHEx/2LJogt5QD1KvYnC3k+qVo/wDLf9FedJz6kKRs0cbml7j2oC1f6ETKXyvkPrQuBgNEtTOJZ32W98NcJxRl44LJC1zg13q2+ix0OU1rqbFI73rRaHhHiTIwJWPbiREiq533dey2hCCOHN53kS7keweH/DkcWQ6d7R5Y0aLNlayONsbQ1jQAOgXkmP8AtLzWxhv2bBaOnrcn/wD8k8Q1Pl4PsOV352tqvSPCzrLldyZ60vPP2oYIknxMhtB5jew+9EED8SsvxP8AaNxOTSLKggFaiOMfm61lszxHkZr+bM4lNI4gj1SOrXt0CcY8dsnFF45crI8jzYQRoCDuFSlyZCzVod8U45uPRL8lp+LrVV2VjG/3nyAWMop+jsXkFLIdHJo7Hjrr6Aofs+LI01jQj4MAP4K1K1kl8hsdVW+yPYSY5HfAm1DgjWPlNftk0BM6OOOcNiFCvxWk8CcQ8nKl4c91MyB5kfs8DX6gfgFTn4cJ+V0wPNX8JTP8Nkx3xT48jmvYQ5prVpGxUYHLBmU10evn8zB5nhPxsr20enYjg+cNe6g8Ead0r2lo5Tug3DOL4uRPGwStZkOIJY4EerqAdijkvK4g9CvS+U4zjGcT4j4rnhnPDNF+PYJZHtjaXPcGtG5JoKhxLiMPDsVskxt7tGMG7j/RZqTNn4lLzzkBl+lg2b/fdcUsygjqxeNLM39Gjk4xjtdUTXSnuNB9VE/is51jgjA7OJP9ENx4gNdCrLeSyCTa5JeVJ9HbHwccVsss4vM0/vIGOH+klv8AVOfxstP/AMLY/wDu/wD+VW5ARpslEAOoG6n/AGpD/wBPG/Rbi43juIbIySM965gP1/BE4ZY5mB0L2ubtoVmpMUk6DUKNglx5OaJ7o3DqD/drWHl/+458ngR/4mto3qkGm3VDMHivMWsyaDtg8bH49kVG1rthkUto87LgljdSF221XAJQEvRaGAhaDWpSUAKTh2SpWA0DSjt3SHslqgupAhpFWUm4sp9abJANqRQmIBokIG6eeq6vkgLoiIGmq4j2UnKN+qQgUe6NARkaFIKAvqnuGyaQemyBCHfQaJpAJ0T66pEC7GEJh7X9VIbujsk+VJDGUBfso3A9rtSEa6g0k6JipeylM0akjVU5W7joiMo1pUZmmyDoEiJUjzskbk0mgUKOoSn31Su2sLBo9ZOyKSg3lAWc8Tw3i+aG0Yzd9h1WmoOOtKjxHHE0L2EW0ilUWkKVpaIfC+WMjBYHEFw9LrRN7KcQVj/C0xxeKSYr6bd1e1jf8lt5m8zWuF69lCqMqNE+UbK4aKq9fdXMZ1xUfvBVgDdA6e6mjPI7veit7BCZjDV6aoTKC12+ndH5mWy6tCsuM3sp7G1WyHHlIfoNESxpSd9kIbYNUrmLJrSGAVoEWFDI0MPM3bqEsLyVKNOmhStDaRE1wIIGhSxuLTodPdQSEwym/uk6FTseHa6J0T2ajgvGGvAgyner+F56+xWkbsvNWuLHb6I9wrjMsLQx/wC9jA2J1A9iri6MZ4/aNaAlG6r4mXDlM5oX3W4Ohb8VZWqaZg00CvEkXPwHiDf/AKDj8xr+i8Lz+dzyK19gvoLNiEuHPE8Eh8bmn4FpXiONiPdKx7wQG0SVnmVxPb+Gyxg5ci7w6P7FwyJjgA/7zhvRJtXcbIfJq40Ahk2TG3R7nFo3DdypmcbEUYbiYENj+Ocl/wD6RQ/NViUYRpmkPHyeflbukGmZBFHmopTmSF1PkEEdX5jo3PPyAQZmZxWcB7ppI292t8sD4UAk8gPk8zIk53XfM4/qVr+ul0eh/wBExY9zbZs8XHxZ8YSfb8me9iyIMF+4JWe41gQwZkjWdQCq0nEHxxeVDII2bGhX4lLjc8o5rNfzFYPJJ9jj48MO46JMHJGHG9ojMgduDoPyTW8VyYg77OyNjieupV7GZw9hvPmdyjdodX6WrD83AjPLgY/L/q5KP1dqs6vsbyb/AG2B4GcRzHc7oecHq48gPzKvDh/JYknjj/0i3H8SrL8mQjneIxzbc7y4n8AozL++ZGXta52npZsp/gzk8sulQ1mPiO0BlmddG3UPoKV5vDXABzccNHd1NA+ZQnJlyvPLIoMmYDblaeX6qQYmVy8/2ZnN/qcNE1RlLHk/5SLczg2Tl52UOgka78iQuc0zyMZit5idAAbsoc3huUHvkMsbS7UtDbVjH4fN6fMyNjsy/wA1VkSwQq3M0PC/CXG+Iv5McQRPq6knYD/+Nk/gtJg/st43Ppk5eJC3qQ4vP5INDLDK5r8jy45QNZDZLvkjPB+Py4GQ4xcXkijArlZDzh3/AJXHRaxa9HNNQS/GW/6Jsr9kuW2cRQ8VxX8wsCRha499Baxfi7wpP4azGwZsrZnvFtETtxrrqPZbLL8V5js4zx8Sn5wOVsn2aJpr4arKeIJ8jjmSZuI5U2S/l5OZxDKF7ANApKTDFx5L9R6MZJ9nY9wfHOxwNH1NP6KF+RGKPK6h3KOP4Pjc1N5iOweSoXcEifYNV7vI/RYNs7ufhe0C2cVx2HWKYV2o/qphx3HBsRzj4Bv9Vfj8N4Lhb5Mgm/uh4r/+qSfwrgBpMU+Uz2Lg79FLchX4T1srs4/A7lHm+Wf/AKja/HZEYeItyIi6MxPaerHWECm8MNcSYc1zgOhiH9UPk4VmYzgY+VzhsWkhwSUpe0DweNP9kqZsRhNyW1GLN3S0zc9sHBGz5LnAxt5X396xpXxOn1Qv9mbnZUpx+KtIawFxcRRsEafQ38kJ47nuzs+SCH/4dkpJr+J21/mqyy/CmcccLWWnuhJc+XiOWcjIJN6Nb0aBsAjGE9rQKQvDgLW6AIvjRA0apefOTkzvhBRVIux9wSVIw60b1ToIjyg1YV2PHDgDShENIjxxr7K+xgOlEJIcflANekq4xvpFCwFIVRXMN76FU8nH190YeAWitwquQBV9EyGtgZ0YBo7IvwmYuYYnEksFjXcKlKAdwu4c/kzGC9D6V1eNPjKjm8rEp42Hx7paXADSk6l6p89/Y2u6R19E6h81wGqBCVpZXVScNB7rq0tMVDSLXVont2NpKo62kIZ8UqeG2E2vcIAaRRXEXqlPxSgaIoQw0RRTKrqpHDTZMc2unxRQmIG7k7pnsVI77qYfoigaGHcrjqAlO65ArG0PkmFoOylI1TXDtVoArTDSrVGcG0Tlb6datUZheyQmjzQ96tdrd2ltoHVLVgarBHrVRGRRUb2EgqVzddkm5ooY2YrjsLsDi0GXGCAXAn4iluMJ4yMQOaQSRY9whHHcEZeDKwDmeRbf9w2TPBuUZMJsbj647Y79Pwr6IybSkGL3ENtbqdE/kBb7pHNIfV0pY2WPZJbGh0DudlE3XRVctpvbRWIjyTcp0aU+dgI5r0THdoAzNLb6eybG+gNNe6t5Ee5ANoc5xDkmIK40nqFFEYSHtpAseQjTQBFMaXQUPj7qWyixPEJIy3ZDopCyQxu3CLghwB2IQvjUDzE6eAVIzV1dR1VxfoTXsux04fDunhxjdpshXC81soA5tetlFxT26Uk209jotwTvY4PheWvGxBR/hvHmPLY8wBrtvMGx+I6LK8xY7QKV55m8zd01JmcoWehAte0Oa4Frqog2CF5BlxkNkiGnKS3TpRpaHB4pl4J/dS+i9WO1H06fJC5GxunmmmPIx73OIG+pugtXP8dm/iYm8nH0CcLhDswubCAGt1fJIaawdyVZfJwzh7eTEj/xDIG80g/ctPsN3f3qo+J5WTkNMMQ8vFB0ia4kH3J6/ohzizHAOQ+idgBazTrbPrfGnHClHErf2XX5c2U4PmcXvH3Rsxo7Nakdd20nm7kXShx/NypGswcead56RsLvyWw4Z4S4jkxNlyGR4jNzzmz9B+tIX5dEeTnUHyyPZl4OGtklaJnvdZ0LjdI//gT2wuMceQ4tHah+X6o83w/h4rmfvZMmYdhytv4D+quHHcQATttZsocaPMyeepftPPZOCZ08zTj47wy6JeQwD6/otHDwhlxnKjEhYwN0J6d6pabHx2NcC9rnjtfL/VXBA1zR6WRN7MH6m01FmOT5Gbjx6MvFwxjmjlxy9oN96UzcBzXf5TGkd6sfqtM2NjR63OI9ySmGYM+5A817Bv5ocTkflZJdMCswMh1VHzfBPbwbKkdTuVqNxzzPbUbIWv39TyT9AP1XVlXbpA09mR1+JJRVGblL/kwR/gRZpLMK/wBIT28GhB+893xpFPLlcdDzHe3G1XlnihJE2XGyum5VUjFzfSZHFwaJ5AZE95Haz+SsN4OyPV2Ly+5aQqL+PY+MXGGaVzv5mnkB+e/4Idkcfy5SeWeQDtzkpWkFNh52DEBrEw/FoVeXEx6J8uIHoQ0BZx/E5nG5cgt+eqQZnPoHSvPsE9MXFhp0EQBvkr3VOfGY8/u3N+N2qBa6T1VV99Sq80R19Yd8VDoaTXsu/Y3RDmdMCP8ASN0K4zxOPCDWlhe47AmtPipsPmDy0ivgrWRFDLE6KWNjw4WA9gcL+ah7OjDJcly2ZAeIZWyBzY42s6gblG8PLx85hezlkFept8rh/fzVafgOFLIf+n8tx3DCWj6BWcHBxsSQjHia0/dc4kkuUK0z0py8fIvwVMn4hO7h2EDjSh8UoLRejmHqD9dx/wAIThelwACl4tJHLliOK/QNb/m61+CfjAADuufPLdDwQUdhjCBI1RjGAI1pBsR10Ad0cxBYFdFxuVnS42EcdrX0Oo3ROKA1Y27KrgwF5BARR48qg8brRIxnGiGgPgkdIGNI2tc8gknVU5n0bKl96EkSulphrVVpJTWp0Ub3E1roVBI41oSlTYpfwPdKKvqosN//ALyxuoMgBVTLmMdAVZVjg7S/iGM69ea6+RW+GP5owy6g7NW3dOA13StHLRIS1buy9lHzL7Gkd0oHU6px3opWgBMSQ0tqrXAEdbUnRJWiQmqGgaUlAATgNKSVSBDOUXroE1w3qqUxF0UhF7oJ2iIN0Gi4ilKQOqY4dUAyPl+qQjupOXYprhXxQBE4e2ibym1M4e1JtIE1ZGW180hbropS3S0j9BsjYiIjTdI4UU+tOyaRR12TCyGQU0kqjM0dkScNFTnbSQHljTW1J4BKR7OV3p2XN7Df2XOj1XIfyiiCoi3lKlFgmyUjmnQdEARPbzNLSFn8eN2B4hcGkiHKaSP94IsfmtGdB0Q7jePzYnnN/wA2IiRnxB1/BUqemPp2FXgOY1/RPhsihsoMCQZOExw/iaCPbRSQmn1eyhfRTSe0TTMpoLdwnsIfGCQpC3mYaA+Khx3Bpew/JHa0HRUyY9fTsEJyWjmNCrR/JZYsaIPlRkEjQ12QMHMk5XEE1W3uiWFLzaWhE7eV10U/ByOR4DiQpaErNZjOBFEqaRoBAOyE4sxIBsIpG4yBCLeuzE8XY/g3FW+Wahl9bOw7haXhWX58TXdwk8RcPGfw2RgFzsHPF/uHT5rJeHOIOa7lJ20rqPitJ7XIhd0b5w5wCE+JxAqlBizCQbhWXNBF7KU7KGyxU4lwBB1QXikUnOB6v/Lei0TXczKO6jniZJEefZO/svFLhK0Z4scY+Tm5R8FZ4dwuLKyo2yeURe8h0HukmHK01tsq+P5rZ28r3Ak0KNaoSPU/2ZyXGGj0aHI4bwnEZE17RQ2a0Nv4NGv1UH/tA/LcIcdvKzvJ2/2j+qz+Nw1zpW+fkMje7Wv8x5+Tf6o5iYL4AfsnDs/IPV0oELT81cVL0cWRY1uUrZcghbIW+bI5xvrp+ARhmMzy3CJzi8Cw0Rk83z6IDfFI9BFhYh21IcfrqqeTFmzCp86R4PQONfp+SfFrs5+VmlDBG4DIkhg7h7vV9ArIOC8ERT5mQ7oIcagfmSTXyWMZitjA55CQNx3KuwcVmgAbjvkY4bFuiViaTNTjO4d5gjmx+IyvJ1YdCfk0WrOQ/hTJA2DBymOG4lv9SsZLl5MzuZ77O9ndWsaeR8rXZMjngEc1mzSHIlR/k1M2XFFB+6w8hzv/AKbAf1We4ln5gfUUJiv/AOY3+qu8dbxDHh+04w5sahycjiWbda6/FZxviRzJBj8QBjc7QB4cQfrenuCm9FwwOatbI8t2dkCsnKIb/KAK+io+QLPNzyduY7LRzCLIi52AXV/JAcx0rHEDY7FJkXTojdjt5Ry009bOiY6KJur5NR2KhcHuO5tIYXknmaR7qQse58Db5Y793Bcc0gDy2tACa2HoopYtSFVByFOVISacQT2NKIjnJcmObybqSMG7SaHZd4e57C66c0ivV090uVIIxz83VJjNJB7IZxFz35L4m6tFV7aKJX6Kh3ZZy+IvbHsXg/wtABV2P7LBw45UuQ105bbYGCyP9x6LNNc/7b5T/qrjo+Y8rTpuQob4LZ147k6RDHG6WYuGrnG9EZxeGve2yCCetaKXg2G3mDnNs9FrMGNorRcvDk9no20qiZ7H4fJGRzA100RzBxnDlFWSapaOHBZM0enRX+HYUeLkxSyNBYw3ynUEdQk8FOxfqv6KWLhljb2+BUGZPte47rR8ey43s8yMUCP7CyEpEkhJUT1pDhc1bQokd06qrkO5Wku/FWKAYTqgfGs0QxEc1E6ALJBJV0WWzB2pJpRyzgHcLPs4kXVDBck5/haLRLCw8kt83MppP8IIJWsUYyGMa6fLdK8hsY0FlHOAtD+Jx1XK0ON/L/lCZR+81Og6o74Xj5p5X3Ya0D5k/wDC6MCuaOTyZNY2zRBo7JQL36J7Rp7pS3TUL0zwHsjIrYbpQDeyfymh3XAdwUWQxoFHZLVa9E82dQFxb1QFjOXS1w017p9DraWhVaoERPGw2XVeyk3Nfiu5ADoUEvsj12XHUaqUNrRMIJ6IAjqk1zQVIRpskoA2lQmyItK7lA3UgCaWn42mJEdaGgm1ZUoGtJrm1oEAiMpCLTwBrzaFNoUUCInM13NKnkt660r5b2VXIbY7gJAeUxvbLGNbCQscx2mqznBc10EzsfJsPbpRK0zSJGWDd6g3ouSMq0z3JQrYrSOW0g16JBpo5PF13VmZEWmyQFxBcz1Cz7qUg3skAsGkw7KHByceafFOrQ7mZ7NVyQFrzuPgquQwQ5MUuwune4RCVvMA7VJ6djt0W8Y80dHdV8iPy5WuF6FS4BDiObdTZcQ5UKrEQP1Z2JQzJiGuiKsIMbb3GlqpltIPb3RVMrRncuO7QeW4n2CVpshnekIzIAeYosEMws8sNO2Gy0/DstjmAg3pusHNG6Nx107q5wziD4HgHY6KJL2UvpnoUnK9gNaHsvNfEOK7hvH3vY2oMj942tgf4h9dfmvQ+HSiaAdRVhBvF3D/ALXw9/KP3rP3kZ9wNvmFeN+iJK9kXBMwyRtJNHutLE4EC9fdec8DzOStdCt1w+YPja4fRZtcXspfYQaOV97qPOvyiBqCpmnmbsqfE3lmOaNK0xp7BMpeI3OcL9lo/BXBoOJD7TlNLmA8oYHVZ9/76rLZk7ncP8tp9N2a6re/s8kcOEBpHLTub5ED+iraReXM5XRtMXHixYvLxo2RtrZgpU85mR5ZcJmMjbufZW2Sekk9NUKmnmnlcyqaTS3WkcEbcgXRme9sb2u5RdnYqF8MupcKCuyPZEXNjIobv6KjlcWjxqNnnO1N5nO+AWcmjrx8pukS4/DMjKdUMMsl/wArCVNPwTMgAEuLIzqBpf0CFScU4xlCsTAlf2EryAflYH5p8U/H4gC7Bcx3URyEH68xU3/B0vxmo3Y57eV5bzcrhpR3UgYGMJMhsjQq0zieTPD5WbjuIG7ZdXD4O/quxIo48uKeJ3NE88pB/hKKOaVx0yg3iGThElj3cp0NfqmxZMeY7ycmOMtd0cLCv8Xwx57gQA1+oroUFmx5ITTm8zehTocJ/Qcixm4sDWQM5Y2/dAJK5pY0Oc+K4naPaRqPdCsHikmMeSS3M/EIzBlwzt9L2i9Ndv8AhJMiXJ9lbKw/szwRTonfdd/VFcbhsc+GHAjnrrskxIpCJIp4wYj9zUG12K6Xhk1O9eG46m7Mfv8AD+/iNfRMZp6YB4jiGGUtDdT7KkccvaRR0W7y+HDLliPLYcLDhtRVPO4G/FDnV6T3VJWU+jBTwFp9WyZGAb0R3IxhbhIKb+SFSxeW7l+iJII7JsQUCh5H2jKyJGD0hxaPloicTfLhsg0BaqcLaDC8nUl1rJ6ZrFAGZj/8Sc4lwsAfHZGsCHzaa35lVOIwuOeAzQO/BaTgeMGsHT4rmz5FZ3eOvbC3D8INY2gEXxMMhwoUmYcZsABang+EZm2R6Qs8dyZ38lFWxMFnlsBITeJ5AEDmjY9eyu54EDNAAdgs/mF05EV1ZWs5UqFGP6n5Hec12CWG3EaA+6GubytJIsoxlRCDEjiFW0b19UGyHFg6Lkl2bRWrKuZP5MD5HkAAE6rz7KGdxbNcXvbDjfwgHWkX8WcXYysbnAvV1LJu427WLEILnaF/b4JxS9nPkk7pGsxJOG8GAZK8Cavugczj/furH+Mic1BC7l7uNfgstw3Fcac4FxPU9UfxIQ0baocrM+CLrcg6czNT1BWk8MZmJHG9kkgZK59+rSxQrXbugePA5xbpfsrgxGuboNVphy8HZjnwLLHizbtGt0na9ll+F8QnwXNimDn4+1blnw9vZapjmyMa9hDmuFtcNiF6ePLHIrR4PkePLC99CAHsuop/LS4gBanMNAoaLj7J9EDXqkruNkPZNjAOoTiNBYTy1IW9d0CGAaLuUjXqU+tjVJw1o9UCojojQprgpTbim1doDojLb7poABUptdSBd9EDmkDZc1t7qdzegTOX0kIAgIXEdFIWAUmuBGwtIUmQlvVc4ABSdNFGQewTtkkZ00KrzAU7dXKFX1VacE/AoY0eIeIOEmepoABO3XQbqjwTPJPlS21w3BPVbOaMOYVluNcMeHjKxW/vW6kXuF5kZemfUZIaC0bedoN/BPjcQa6oRwfP+0RU7caaIwwg0R81tFnDODiSFt6qMNr5qQEG6TQCTva0X8EkGbD5+M5tUa0PZSYUwmxGvuypgwnY/RVOH1DkZEJBAc8vF++6GtFR+mXIX8k2uyIupzbPVD5WANDm/VXYngxhIF9FWIAPkj62mZMQcyhoE/IHJO13RSSN5hZKJCuwFkMqyNVSkZYOljsjOSyteyHZAHRHYXXYDzIA7Shoqf2Y3zCwi05bzcvW1Pj4we0D9EmxoueGnksDT00pHM6IvjOwHTRD+FY3lP66o9NFzxenZC0ynvR5LxqM8M4y4M9MU37xmmlk6j5fqtN4fzy8chr4Wqvjrh5n4dI5n+bC4SM019x9CUE8N5MoYznjkY5p3LSL91WVJrkLH3R6hA4FtXoqnF28rB1aeqj4fNzxtIdfdScVcDG3X6qIsckwDKCW00Ub6L0jwVEI+Gx6ak2b+H/K8+awmUadV6L4cmY3FjY0iwLrrutW+jGa0aVxAj6ITxHIDKhi+84WfYK1NODTWkX3KDcPw8nIyZZ5wY2vdfqNurstbMordsqPhycuYMjpmO3odye6vQ48UZ5qLnjRT5cjIGiKIV7Dt3KHvnfISGXShrZ0Kba0W5pXj/L9JHUaqk/IyCT/ANRJp7pHYmXILdLyN7DRJ9hmbseeuyl2H/ySsypA2pDz+5VmF8U0XI0+V30sH5IbIHMNOsH3TC6RhtoPyStoGaafHbkQBrnesah47oVKwx/u52HtfQqticUex4DnEfFGo54cuPklDbP0KrknpmauLtGbzcAOYXw0W711CFtfLA8UTXZafPwZMYF8ZLo+vt/whE0QeOYUUmqNYtS2i9wnjJAbHISW9j0+C0kEsc8dsIcCsGMWTmDoRqNaR/hsktMLaZJsR0KIvZnPHe0aPDmdw+TlHqxjqB/If6LXcR4XlOwHNy4iWGqLTza2OyyMZJAsC61C2vhXxAyosDNcAdGwyHY9mn37Hr8d9OSRMW3ozPi3wu3Aw4p3ah5okfwnsdF5/l4zRv0XuX7QBGfDU3mNcQHtII6a7/S/qvD8pwJJaf8AlKTbVmkFeyq+jA8N6A0qfDdMQBorU0rbAGu0OhVHh7wIS3aifksXbN40UeJSObnxPaSORoN1Yuz/AMLR8H41jua1mU0sddczdR81nOJxl40uwqeK/WrK4PITTPS8dQlGj2ngkceS+MQOa8PNAg2t+2KLAw+UNLXAbuXgPAsqfFkZJjTPYQb0Olr0jC8RZXEMdsWY8kj7prf4pY8yhFr2GXx5WlegjnTGZ7nE+lVMKEyTGQi+1pJGuEQPR2x7qcSNx4DrrXRRz5HVGVRqJR4xKGk9gslxbiEWHiyz5Dg2Jgs317BEuM57aJc8NHcleK+NePu4pkeXC4/ZYvugHc90ds0cuMQRxPiU3Ec6WV7jcjiSO1m6RXgUA5gepQDBic94JC2vA8TbmFBXkdKkYJ3sOYELq7Ui0EbdLu1BiwcuwRCGPX1UsLFYQ4eTGK3adwdldcGPosHK74qhEQzS9D0Vlrzy7CvxQ2Z+7JWtDxT9ld4JOYJziPsMdZYegPb5/n8VUjkYRVWe6hlc5rwQTzN1DgdltgyOErM8+NZIOLNi1ul60nct/BR4kwyMaGUfxNDiOx6j6qwW0T2XuR6Pl5Li2hlBdy++6eAlpOiBnLW/yTSCHKYts7pjhTkqER1fe05ordOI1tO0T6FZGG6ruXQqQjS0nLpqUdgyLlIAukhZY91KRRSEa+6QqoiINWmke6lIO1prxWmiSJWiJzbKby6Gt1LXumkV8EyiFza9kwjvqpnM90wt5dTRRQqIhptf0UMzfbVWVHKz0k1uk0JHmLwa2FKtNG0tOgVuRqrSC9gvGuj7CrMhxfDfg5Zy8cAMcfW0dPdFOHZImia5p0I1RPJgbJGWkWCKIWWMcnCcv039nedPZbQnyOXLjNKB2N+yUBw1OyixZRIwEa31tS2RpruuiLbRyyjRK0gigNVVzGujyYZG6X6SrII2FKHOBkxnloAc0WPkmhIuMtzPV16J0FnQ6gKHGeJWB4Oh6KVp5H6bOQqYUJmNtljWkkJ8yKhVqaRoewgbUqOK/klItN9DXexMlnUoVluZGwk6V1tG8ogROO5WN47lgXG3cGipSsGRQy+fl82uhWkxIRudR7oBwLHL2iU63stRjANbVKWrBRLuO1oskgBU+Icb8q48SubbnIv6BN4pP5OE4g0HenTss5GXSG3HmPwQ9HRhxqTHZmRNPzGZ5dfdCpJSwk3R7orKw8miDZwo6bqJXR3RjGPolx+IzwO5o5S0+2qOYnFH8RZ5cwbzxjmtoq1jy7TfVH/CTfMyMgEelsYPztTG0x5McXFujQQja97R/hEogcXiwaQduHI/Rppw6LT4XDmQPhie4yhzXc1DfQrrUW0eZklGqJuEzycQ4hbnO8qNpJA/C0ec6RzHNjIY1otz6sNHc9z7IfgwgN8vFaGQg294Ow+PdOzcljmNgiAbAzYdz3KtL2c8km9IrzFjnmuby/fdx7lE+HNwgwFxBd2J2VFmVH5fKWxOHZ1Kbz4GRaRCzoA0blJu2NovZTIJh6XjTsqMsD4DztkDh76K3g4wDQ+cjmP8IVt8ULm6sDh2Oqqvs53OnoG42Tjy1HkAWejhYKsvw8SRv/w0QB6tFfknnHxr1ijJ6ekaKCfGeWEY8pb7dEVRXIEcT4bjPeDjT6/ykg0g7cmfEkLb06goxLA9juSYcp79Ch+W1o0kbYOx7LORvHovYPGOcBsllvUHop58Hzv3uGQ5rt2nSisvJE5h5mOPewinCeIyRPDd+46EJW0DjW0PmizMeQWwNo6EUVeZDLlYzpsevNYLfH3HcK810ebGaIvq3qENx55cLJLo65mkts7HXVVa9CjJvsP+EXDiOS3AzZjA54Ijmq6d0BHXt9F3iJk/BXSw8RipzNbb917brmb7KpPB5kH2zCO2pa3QjvVdQtdhZWN448PScL4hJGzisbT5MpGp03/Qj5p36fQ1FPYnhHxVjcZwJOD8Yk8wSMLI5Tu8dj/qHQ9fjv5rxXFycOWWKZnqjNfLugmXHm+HuNTY84MM8Ly11HetitNlcVj4tiMynf5xpso7Huk3xuLNJR4u10wJz82OXdtfghvD3H7XPtyA2Pe7RfywHuAHoKqSxtjZyxihdrNlR2V8twJKESx8r+dnxpXfM82VwvQKEVZHZZzja2b4ZOL0XeEZ7WGnOo9LW24Znx023ALzp7G/e/i7hWceWZgPJIRWq5J4G+jv/UUls9XPEAWjmfYHfohvE+ORsaWNfcnRo6rDY2RNMQ2SeQ105vyUmJg5JzJXxOvkdYB/jaen0Shgl7Jc4x9gLx9xnMjlGJoyOaMSOcNyCSK+GiwfN5rwAeq2/wC0yKsfheTy68skJPwIcPzKxvBoDNM55G2gW3FRCU5TphrhOLzyN0sBb3heMGBpr3QLgmHytaTutbiR7DsFyTds1fWi5C2q00KtMj5tk2NgA1FK7ixEi+iz/sg7HgAGoVhkFdFahjbQtTtZ3STFYOdFyk9CmSN5gTWvsiEkemoVTQ8wA2VJ0JhjwvN5mHJA4+qJ1j4HX87RsC7rZZfwy+uJzMB0fFf0I/qVq2j09ivd8eXKCZ875seOV0NoVSSjufopOuqZI7ozddHRxM5upJ6JCNT2UoHpGwTTqeW0iSMtG+qeG+xTiKFdUvQa0UD0MLTVCgmlvdS8tddVxGiRL2Q8o5rJSUS4KXl9l1HcpiITXUBMLbCnLdLPRN5RXVJICAj3CRwJPspSBSZW4QNaIiNEwtFXqpS2tyE0j3SBuyMj06BRSA0bU4Ca5oKCTyhz+U+oqJ7hvomTO19lX8wXQK8aVH2NE4f0Ko8RxWZMDmObYP1HuFN5mugSmXmoFSnQ3G0Zzhsz8aZ+NORzt0HujsTw4boXx3H5mCeLSVhuwNxrYScMyvNja4bLqhOzgywrsNNcL1Np9AA3sd1UbJTt/gp2PsUVqc9DOFECGRhsGNxFK8+tL3Q2CmZ8jb1e0P8ApoiV2PUqT2VaokY62Ea0h+Q3kcXNGoKvMsEDdQzN9ZG9qiW7B2fkAY5csS7nzs5kV/eIBKMeKZZMaKrprrCpeEIjI6SeSugH9/3shrirHFqzR42KIWNay6CJYzSRtSSJum6niAujsoTKuwb4jgd/hwkAPoeCfhr/AMIFjP8ATvt0W2kYySN8ZpzXAtLT1BWJzYfsPEJILJaD6SeoOoSnuJ0ePNXxZZe62VVaIJnstx6fFFPMthPRCc1/qPW1hZ6CoHOHqqlp/AYb/izmPIDXsLSTqAN9fmB9VmHaO6FHvCr+TM5joK3RbY5/saPTIIhD4lEUzfQ5gFEdQNPyW1wooWtBjaNFhM3JdNlwZQ0mDWgnu4La8OkEkTXx/ceLA9l2Rkzws8HFWQcSkcXlgPp7ITJFzHUaLUSwxyC3MBPetUJ4lCyGPm91pJWYwl6AYwxJkMMYqjZNori4r25DnzgDk0YBrXuq84bE9kTTUjqLj/KFYOY1gDI2l7q6KeuzV3Wi8XV7JpyI2MJe8fVB8rMZjEmd5e8D/LDtlRbxPLnfeNHHCBs4jmd+OiHL6JjgbVs0QyYHC2F7zv6WlNGdE0C2zNA3tn9EMbk5XlhsszneyRmXPE8O5gQOh1SUn7F+iGnvgzIORj2u67Ufjqg2VhvFtLS8dCFHl5Rlf5nK1h6hor8Ap8HibZLEjrLfr/yjl9jUHH9oNfHGPS5pHxC5jIh90U4bUEdndDlQue57XADQ9QUCsxm65ik6Ljcux8Ug80BruV+wKmMRkeWzCn767FICzJZTWtbKNjX4KAzu/wAt+rh+CRVBXgee3Fn5TRZdOFpeOwS8G4lFncMeWROPO1zP4H/0/SwsNnGbGz3OhLt7vstpwTiLOL+G8mB5rJx/W1h7D9PvD5hEZVpl8OP5oJ+L4ofG/h2Pi2HG1nG8OMDIhGhlj6lvevwsjsvNOFZT4ZCxxPlu0IK1uHxB/DsmN8DuR4N+x9kH8U4kcWf9sxGBmPk+rkGzH7uHw6j5pN2qZpBp/j6ZKyQ6DodimZERc1x5jroqvDclpaWyiyEQBDoy47dAk3ZFcHQGyMYQRlzbB62qTR6r79la4llOyCAdmDlbXbsqcJBA1r2UN2bQVF9jARVBdIAxzGgAudpVpYDe4UkjOZw9tRfdGjTlZadw3y5TJgyjIY37w/jZ8R+tLQeHZIm5LTOwyNf6HAGq7H5KpFw1mdxLMfgZLsXMjY2eCtngjr7Xp80yHiTsmYmYGDiMfplbVB3v8fZPol7VFD9q/DRkcFfJjN0hlE3L3afS6vhYKxPA+GiKJgePURZ+K33G+JyDDyosoNdG5hDNNidK+CzXCIuZwLrI+C58rpHRgTaDXDIAKDRdrQ4rA3QBUMKINaCNkRYSewC4nR0MvRMDqsIhjRgtAoAeyo4ltFEXfVFcePnqiFOyaLDIQAFJQaCVJG0gajQKDJdWo36pdDaK0ryELmmDHPo6K1lPGxNoNO4uca+acFZnJhnwiDLxdxvaJxP1atsAVj/BDC7OyJCNouX6n/hbPlN+y97xlWNHz3nu8ow6apGs1sBSubY2StboulHC2NPagkLa1UnL7Ukc30b7IAYRf/ZdQ6hOvmA3tLykDv8AFBN2MA16JK+Cl2Sco76JMkjIo90hH/ZPIo0kI+pU0MYaTXAVqpPdMcLCdUFjHfgoyO+inpvZRyC76BIWiEt37JhHbVTfkkqzaqwuyGh80x7TqNlNygkgqN497RSC6PEZZdD2Vd0ooXooHSk9lE99nUrwrPsUi15l6jQhcJCRoqnOAN00S8podVNjLznhzdK+KzklcPzyGDlhk1FbBF/OobofxaI5MXprmGoWkJ1oyyRtWEseYPYKNqxFJZ03Wa4TlEgNcTzDQo1E+qN0uuLOCS+i5IfLyoJRRslpv8ERDrA7eyCzu9DHA7OCKQn0DVaaI7LbTfdRzkNkaO6WNxd7pmZo1ruyXsdGc8esD+Dxk6O85te+h/v5JvhzC+zYsYO5aPr1/VV+PyOzeL42ENWRgSu9j2+lfVFfMEEYAOoFKp/tSFHtsIte2Jo5nbpPtbQaCDSZDni3fgkbIOqzSopMPMyh3pAPFsdmHLZ/9t9fMgp/nkaAqchmbiSwPP3m1fY9D9UWXGVOzNNyDy7qlkvJJN6Lnl8cj43jlc0lrh2IUTze5WMo0z04tSVoa0WbpFOFvEcgOwO6FtPKe6I4FE7KS5fto9CxXtlw7sulJaYmjdxJ6V8Vr+DTyR4UkTmubLDZ5CKPWx7G9EK/ZnLFFlQw5DI7e8cpe2+T3Hb5LS8XxThcXlkhd5kTnXzgEc17mj7rrxJOP8nk525djOH8bx8ohgfyyH+F39U/ibxK6NvY2gU/DDNxOKDEaPOlJLBzco6k6/JGXYr4sdhlkAdoLBu1ptMw/TTpxKf2Gp5JJH/e2tUc3Ojga6DCbzTO0dIda9h7q5kxzZLjDixmSStXfyj47BVW4H2J0bqHO7QvdoAk9mkY09ncL4J5rTPmW5x1Deah8yjEsmHhYJLsTzJL35yGgfBRR5bWN8p55zf8Bu/miOFgDKmhY5zPLleGu8xtgAmrKcfonIpxl+RnXcYiLtMWAV/oCuf4nhzYPlswMZs7jZl5PVXt2R3xf4NweD4Pntk5ZXkCMNunnqOUk13u1ijGGHTp1CJKumSqYzKZK+N3lDXdQY2NK0tfICxw7qWXKMLg0akqX7S4x3KLJ2FKLNENltpJY6zSY2QygNGh6poEhdzSBoao3zRwn1HW9hokO/ovMxixoLb7rnQEtc9zNf5uqs4GSHxNa4h8Z2O9JvEMxmD6C4Dm2DgSE0Z27oyPEsuN07izTl01G6u+GpXOycl2O083kG6+IQbLAdIS0g1oT1K9A/YphYObx6eHOIdUfmRMJrmcD+NalZpXLb0djaUATlx+eGPaCNPxTiwTYL4Jzq4gtJGzhsVsf2k4MGF4hd9k5GslYHuYP4XbH6ij81h8qZrnckZutCa0tayjXRhFpgJ3PDPzAUWmiFbzc+M49QfeOlXsnZ8fOI8hp++OV4/1D+opBJmuZKWg9bWL0dPBT7FcSfguiu9aTC6m62ljvmBrQ91Nl1RfgJJVsm9ARarwW0ElSNdTtkXRJOzNfhCHJjsyQOIdW5jO4+R1U+fzZcv26Ifv4wHOI/8AEZ0d9FVaQ6TkcBThRRXgdRQMidrJHbAf9PQJp+xt6tALxDkxzx44YKLtXX+Sl4WxjWDmdoh/FJI5+LyiEVEDQA/FEMVh9JAodFxZZWzrwxpB2KQFtAn5K3j3sTYQ/FBAFk6o3hw+a3TRY02aN0WMeQgAHvojeI4BrS4EoUIDGLeCBehGyJYxBaC017KWqYJJhNxaGAjQHoh2U6gdVYJpmtobnycrXa6bpNtjYNzZjzUN9lXcDygV8VE55dIXVZVljaZZ3XRCNI45vZp/A8dQ5klaF7GD5Ak/mFqtAdUF8HxBnBY3AV5r3PP1r9EbABOo0Xt41UUj57ypXlZwHZcnctbJ3LttXdapUc1DRqE2vl7J1deicBrsnQmRAFPNfH2SiubROIsCqSoki5RVVol+CeBqeyb/ALU9D0R1qkO53Tjv7rq0QlRJEfcJKo2BopAL+S4g2NaQxERABvumPBPdSuCRykaIOWwbTaN7KVw9JFUE06AXaTBkTmnqmEco2U7rNnoonWWlFsSPm7ziRpSje9wdqdFEXACyNQmPfepXhM+ztFjn033THTW5QF2mhoqu+RwNXZSoaoumXraR0xqunsFQ8x1G1zJqIBOidUJoqzu+yZpINNebRrFm54wUG4mOeHmA1GqdwzK5o6v5Log7VnDkjTo0Ezw7GcEVxJSYhfZZ8S3E7sAinDn3A13cLa7RjYYhdZobp+Q0mPWiquO4BwO6tym29fmrQn0ZPhOOZuPcUkNlzHiMewAr8aCMz8PLwTuVQ4cDDxrPNH1S8311Wka4lt1uFUnTCKVaMtNC6J1Hoqz5Ax1HUrQcThHIXUQVl8k8spB3CT3tBpDpZCSa2V/hbzzUdOyCtl1pFuFn94OvxUX6GmUfFuF5GYzIYDyzjX2cKH46H6rP8xuqXpfFeHjiHCJWMA81redmmpcNa+e3zXmkmh00+KJbVnZgnqh7T9d0T4fQe29W3qEKiBPxRngGLJncUw8OItbLkTMiaXGgC5wAv2WDo7E70e2jgcvDP8Mzy0eTMxrXODa5XEWCfyv+qP5AE0DSR91HvtOO3w3Fw08s7xAcbmAtvmNafVfytZrHkHPyP0dstU1KN+0ec0uTiypl4hexksdc8Nn35ToVK8xxRRmVwdQuhqFZYafp0/FR8QwyI45WtqGQlocOhq6/Fb4pc0cs+WOXEGZXEZXgsiAhh/lZpfxpRQ5PNTHhr2dQ4Wpn4pDtdfdReTRNbp1sEw5iMwGgOaYI6FuoBqrcTzY3N5Mcjyxu7uqcOI+XQdVFx/h7+GujgnyInTyRNlbHGCeUHYOPQq6bJ47sl8QcdOXwjheBo6SAueZea9DoG/37IDITXN0UUMR5i526tFhf+7YC5x6BRJ+kWq7Bg5vML36noFaihcGmSQ0RsCrMcAYbeLco8p1sItLoa2VRkHno1vonS4seTQNMkOxPdR4zmMmJeBVULF0e6ZLM/IcI2tG/TopBImw4psOXlNtd1aToQjE3CTxzhGT9mAfPA3ndD/4gH8zP5tOn5qDGw3ZsPI94ZkN+47v7FNY6fEnaQHRTs3I0S5cdotR5/wBmFLDzEa6aKxgZs/D8hk2O8sljPMCOqv8AHYbyjM0cr3+p3Z3v8UJe4teAW0spSTOr9vZ6Jxrih4vwnD4s9ob5v7mQdOdtj9PwQQ5MTGNZTeTsAi/CYvtv7L5xEy3Y8j3XWzmu5j/6XFYgyOJ6+ytyaRlGCk2GGRieTNxI/U5zfOhHu0XQ+IsfJBs+Ko4pSKbINPelf4blHHz8XIJ/y3gu+HX8LRzxbwYYfCXujb6Yskuaa0DHj+tBSvyKf4NIwpJDa6qXGD3vA6JrmVrVq7w6Iup9EAWCprZtJKiRpoGzslB0JTJSOYgbpWt/dWTRQZ1Rd4Yxs2XGJBbLII+Rr8aVnIccGOSTm+7pf5Jvh0t/f8wstAcCqfiaVzYGsYbDzZRJ0hpW0gLggumc525NrT4cWxNLO8PBbWmq0eGdgQuKTO9IKwR7E6BGsBoFC6QnEaSa2R/h0LjXJR9lMdsUkXHROaBzg8p1o62kYwMdbbbaKHFIaOZhaRuCquQ3laQRoESjQQK8kpDavRA+L5B9LWnU6K7ly8gcTss7Jk/acn0AuA0AUxVsc3rRYgHIbep5ZfRY1oJseLK82+mexTpI+Rjm76FbRatHHJHpHBIPJ4Phsr7sTb+JFn80QA0UGK4OxYXDZ0bSPoFOSSveXR81kf5uxwqqvbRc7p1XAgdLSaklVTM26HNGhOi4i9bSk6ALtK3RQrEIs6riaFAArqspb16IJaG7jZdyivdONEjumnTZA6IyBSWwd0pFA1uUgHfRIG6GuA3SEWNk/wDLokddbp0SRgUUx+vRSVraa4HolQ0vZE4WmBtDUi1ISeqaa+aYmMb91RuHRS1QpMcKAUknywJgL5iuc8Ed1XOmhSc4IXhUmfaJ2Suk0KrOk1ornu31JUDn61RpNRC6JHv1HRMDjaiLtqXF6aRMpFh5DmEKhgO8rJLdd1abrqh8zjHmtI2KuHdHPlerNEHW1xB0pE+GykwsGxpAo31ESifDXjyxvqtk9HNJh7HcObU6og31N3QbGf6t0RDzy0NFaIVgWAg8dzD/AKmjX4LRROIaKWbxCDxnNO55+W/hp+i0LNtCqn2NPSG5VFhDtbWN4pTMl24WvnILdSdFj+NHlnOoPunFpCfZRsiS+ncI9wdw5gT81n4CXP6UtJwiP7m92oe2NOjV44uOrXn/AIy4b9i4o58bR5WR+8bXQ/xD6/mvQYBQF7lVPEHDBxThb4mEecz1xk/zdvnsrh9M0UuLs8tiNEDREcKR0UrJGaOYQ4EaEEdlQfGY3ua67BrXSlcxGF1tvWlhkgovZ6GKXI+kPCc0sHBsY5DXOknhbNVfzb/qq0rHx5DjrQJpTYHiJnHJMfJhiZC0RMiEbTfLQ22HW0R8hs8mS2ql5BKzXflHqH01+SUZRctdM5ctr8n2iiz7rZG9EVinhMDseUfuJ6cx4/8ADkFi/oaQzD5WvdG77p2V2LFY8SY0p8tsguOSr5HjY/Dp80Ql+nOmTnh+pFSQInikaXMlHK4e+/uPZVogfMF7IvHmSSYv2bNYR5RI079we2i7hQxcfNGTk1JjxfvAwbvcDo32XbaTtnEk+kRcbceD47IntDcmRgfy78oPfsfZZOEOM7pX/eN6onxnJk4lxGbIyDzSPcSew9gqrG0QOWyTQCG03o0Sa7G42NNlZMWNiRl80hprR+Z7Ad1cmbBiEQY7xJJR8yX+Y+3YKfiefH4e4WcTGc1/Estl5Eg/8NnSMH6E1udOiynDJZJctz3Oc7TWzos5v0hqLe30GZS29ENnk5ia0VjIlDPvOCGySh5sKb0Npvoa6q62ruAxkYMkhAPS1TYCTZCiy5S0e5UudI0x4W+y7lcTLJeWGq7q9hcQZxFjYMk1I0UyQDUDsVln8zyUrHPje1zCQR1Wak7Ov9NJBji2JkY8g+0xkwn7sgGhQ7OgaPLeB+6cNHditZwPxHJBjGKYRZELvvRzAOBWg4dxPw1N68jh4gINlv3mO+AuvwC2Sg0YTnKOmrJ/2dcNMPgyXCyW0/OfJIwO0prmgC/pa8l4nivws2aAmzG4gfDovYoePDiHE3y4oDIWCmdyF5n41j8vjmRWgL3Or2JQ6cRYLUnfsCsFx0TV7r07LzMPi/7PHRtyWvzBiDzYq9THMIN/PlXmkQ5mLZ+CsGKWKMuPry2zY5aeoFH8gVnE0z1Vv0YIt2vqr7XiKFrW6aJsWM57uQt1aeX5hSZUXlu5Sbruk0+zSMuSKL3es6J7b5dAoyPWSE8Xy1WilCkwlwdwhZkuduWgDX3QnjUnPMADYaNvdE4W1BohM/KZZS6qs1SU+gxXyF4c7oQtBgmqsVRQTChc4W1uncI9g47iAaJrdcTTb0d640G8ICQhoHq7LceH+Hnkje8ENGoHW1nvCPDxl5kbXHd1Hp0v9CvRhFHjR0PjoujFj4rkzHLNRfFA/NFjlv3QLOLRYtFcqcBrmncHcoFlv5iTeqwyPZcI0ihNjfa3mIGtLJpT4/CsfBYCGVJW/f3U2C5jI3SOPqP5IFx/xNjYLzCCZsitGN2HxPRK1FaM3bdIu5XLZroqj28wJpZSXjudkuJEgiaf4Yx+qmxpsuQcxnncBvbyUK7sTSPXvDGT5/Bcez6oriI7Vt+BCM2F5NwfjGfgPIxpgGuILmStDgf1Wu4d4tje4M4hB5DtvMYbZ8xuPxXr4fIi0kzwfK8OfJyj0a1oGq4DVNhe2WNr2Oa5rhYLTYI7hPArRdcZJ9HnStaFO+iRwF2N+ydXRIdtNVVkiN1OqUgHZIBW6dWh2TQtjeXWtV3LqnG9wmj4oCxHNPskGg9RTjvukIvskHYlXtoE06e6fp12XEAp0DITfRMcNL6qYtvY/FRFtj4KWiSI6dEw6dVI86phF6o6BiAgDeymO2KkpNcBqfwQVZ8kl1D1aKMSco/qo3vGgukzn0oi/deEkfXNkpfYIFaqN7h80xx6gqBz70o2n/RDk0SOfWiYHa3aY51aDRMsVe/unRHKy3E4O0AKqcSAD4yOhpWIdhRsKHiYBjBrY7px0yZ7iXoHgY/tSJYDqYAUEicPszT0RbCcWtAdoQt1/Bz8k9BrFcL1tEY31WppCcXUghWppvIx5JXXUbS8/IWtIi6RS4NIZczJk1NzPP4n+q0YPL1JWa8MA/YozZs3+a0Q23Q3sXZHkn92SSaWJ4vJeQWg2FseISVC4da2WAypPMndXfrumtolvZZwTrXVa7gzdtLPusvw9oLm6UtjwphpuigtJBuIWAOyttrYCiq7ANKBVmIaHsmgPO/GWAIc77QwACU+oD+bv80IxCGuBG60Xj9wjh32dze/96rJYEwlYXNvQ0jMrSZ0+NNL8bPXf2fz/uuVvWSx8h/3XozX+W9sjH29mtdQvJvA07WYLHkHnEvIa2oEH9V6nMQzJxZXf5U8fKSffUfouZrpmkldoZfLlNr7p2PRaWDFbkQC9a691lGP8vJlx5BrG4ht/wAvT8KWs8PTB7PL6gdUssr2GJVFoo5bTwwc80Yewn08zba4dQUDzY4nyl2CaBFmEmy34dwvRMjBhzsZ+NksJjeKsGiPce68s41w7I4fnycNzC6OVvrx52mg8dCD+i6cOTlGjiyQqVxKMpcyU2DV7Iv5kPAcd0sjBNxiUckcbhpitI1ef9ZugOiH4HF8zFzIzkxxSTQn0OkjDgPcfmlliMsr5pnF75CXOcdyT1VcuLo24qaszmXHLPI58hJJNklOxIHNIaz7x0FIpPCG6AXasYZjwoBkObzSk8rB27lDmCiCcmK3lh2bv8VAxrW6NF9FLIHHQm/dR8vKQAbWMpv0dEMa9ivHpsCgqLqMlyai1bnlFVtSFZLi86b+ym7NlEZlTtEhbGPSDoomzd1G5p5uY3aZ5Zcb1StjqiwyRwfbeqNYUTpmjcBRcI4aZnRj+InX2WnzYG8N4bTuW3gtAH5raEfZz5J1opcOyzi8RgYwffkDTR3s1+qo+NqOeHnVpaPqLv8AMfRR4hd/iOO5pJDZA6/gVN4xqTFxZANXukGnbRN9Ga1NGajcPMpvXoFuvBZdHxHgLACfMyJwB8WV+aw+FEfObzDchbvw0RBx/wAJRD0/9Q55PfmeQPySxK3s08inGgBxHIZh5/HMUM9fn8sZHTleSf0VPjbgckGJwcCBqNtlP43i8rxbxltEAZkpu9/UVRaOeEfxEJZLX4oMaVJoqxiyT2UrWk1umgcr+1q0wAt00WcS5krQ1mMSbqigQa6bJ5Wg6lG5jWPr1UHCsYumdIQCCdPZKb3Q8HsPcG4e3kFiz3pa3A4cwgANGuiFcIZsK+a2nBYQ94Ir06q4NXRbvsoS4DsGJssI8mdpDmPaKJ+KJ4nFnZYa5/8ADfML6ohxYMkwnRuADhqD7rLcDYZOIvi9iT7Vv+NKcsaeisa5Jtl/MeXTOGwPuhWdMyKJ75CGsbqT7IrmhokcK2KwX7RM/wCycFexji2XIcI20da3d+GnzC5ZdnTBGT4p4pyJ+YQPLIye5/qqeBE555nkuc42SUJwYDLILB5bWt4dBygADRS1Rm39FjGxWkAAAorBjV6WOo++ibjR8tW36IjE0kAgA/FTyMmhIoAKEzfT/MFLNiOiALD5kZ2IUraOgrTorWPK1voeKaeitS+jOSE4JxefhcwHM44xPqj/AJfcf06/ivRMTJjyYWPjeHNcA4EdQQvM8yMNNtoi9Ub8H5/lT/ZXmg6zH8erfnv/AN16Pi5m3xZ5nneKpLnHs3Y/FIdkgNgHX5Jemi9M8bRwXAfBdodQVwBJ+CEyHoR2miT6UnH5rjsiwEsXqkNE6BK3rdJNfklSEcSRV18FzdeiTRcAdwLKYOqEcAmEa7KT4hNdrskCogeL9lEQpnguGmiiog0gPYhFGwkJoWniuoSOGl39Eif5R8bSOI6JOem6FQzaDQqEvPdeLSPrb+yz5gI01TC4D5qHzAB2TXu+YCECYrzqSRqkY8HcqMyF2wJSBwI0TI5J9F2F2o3UXEH3FXukiPKdNFFnPuLvqhaYpP8AEs47riY06Wi0Rrl1u0ExiaYPZF8TmL260B7LoSs46DmNYjHqtVvEWQY+Dzi/vcrfkSL/AAU0JFaIF4tyRz4uNZonncB9APzVxWxN62aHw0zlxYubQ8oFFaF1DakJ4OwCJoNWibyGElylbZd0CfEE/lYrjevQrENLnzE3YRvxTmc0nlA+ndCMFhdIKBsp3RDTbDnDIxbSQtdw62gdkB4bB93uei0mE0htFL0aWX49WHqeytQ1y79NlDEBy3QHwUmtaEFGg7POP2lShs8MfN6iHGvbQIXwPD/6RjToSObbU2pfG8hyfFHkgW1pY06d9T+BCNcLxDyh1VpotJqkkRBe0H/CbZMTGlgeLHmiQe9gD9F6pBD/AIh4Wh9RMmO8MLuwGg/Cl5/4PjbJxeOE0S5j/SfZtr1HwpAJMfLxxoHs1vYHofzXNNfR1wbrYP4pjuLoMu/3lcr/AI3p+Cv8PnMcjJGGh2RF2F9ognxXjlkDbHxCBcPfQLX2HgkFvYhS4qUa+jXHLjLfs9CwMhuTjh4HqG6F+K+FM4vw/ldQni1jcNx7fBCeEcSdiT8rrMZRrO4jHE1royHNeLo9FjG4OyXhuX49HluRC4XFMOWePQ2F0DZnwu5WmRjPvcupHyR7xAyLMyRJENToaWWLZcHzXnILXtdTQLtdSlyVmax8JEpZNLkxwxtsyODQ47WTSk8Q+UziUuNiuuHHqFp/mLRRd8za6LjMkrmeYIi9p0eG0fn3VR0VutZud6OhL2yqIyBrfxUcp5DQquhRB8Vt9h1VKcBztBspNE0DJ2ukJKrtis6ouWcoPpBv8FC6EV7907HzSB7oB1FhSYmG7n56tqsshtwBukd4bjNYznkH3fuhNWxSlofw6JuLG57gAQLQzjGc/JmcLJaNArXFZ+RnKDRPZCsR4D/3jeaP3VWzJRv8hcaUwUQPX1TuOSc3DeHxvFuHmOJPu7T8FaH2eUnkBY7YDe0N45KDkMjB9MbA1DdII7fRSwmEyEjp17LZcCHnftC4Fia1jOibp3awuP4oD4exeeePnprHPD3k9Gt1/wCFp/2YYz879ojMpxAMUcuS5p3FjkA/9f4LXx1szztezN+PaPjDjJJv/q3/AJoLiv0c0n5Ih4xlbL4o4w+N4ex2XKWuB0I5t0JxyGvsn5qcq2VDSSJZNRYtTwOF62T7ppAJ2Sxel+tLOqKsbkklwaEU4TACQB8yhxbzZF1pWiN8MAaWncrCU9nRgjo0PD4eUCtl6HwPF8jA8x4FyCx7DosfwOL7Tk48AomR3L8BW/4L0DiVYuGxgI6NFdBS6cSqLkyc7pqC7YB4pIeVxFGtdUA4Aw/aXvaaJ3PzRPikvLiyH+Iih8VX4PCY4Xyd9CsZSuR2QhxiM4tLUryPuryDx7mHM40IhqyBob8yLJ/L6L07jmYyCGaZ7qYxpcTXZeL+Y7MzDI7XmNlc8nbLapaCfCMUgagiwtNhQUNRsh3DmVG0UT8UcxjTQCNeqi/s5pKyxFFporbGVtoVHGAaLdCFajh5vvCr6qeyK+xnKRu0/Gkr2nlAGo/JX2RHTmojoUx0epGypITRRZThyncJHh0bmvZbXsIc09iNlK9hDgRoQdfdK+na9CtYSp2jOW1TPReFZIzMCCcG/MYHfBWqQDwXLz8IdGd4ZXNB7g+r9StAD3X0EJXFM+Wzw/Tm4iDSxW6U+kWkOp9ktWN1RgcdUhrYpdCNkhTaHY0ijouHxSj3XP20CVBQ299tEtn4hIxrW7Alcet7J0S2KbI20SEVdBKNPdLXUJUIifsoi0nspnD3UVC7QwsaQAmu2qlIRqC0pHhKyj4smZbaVR7OUkgHVESwAaqCVtnsvEs+oaRRAOxOqYSRYCmkaOYk6fBQyNNWAk+yUMs3oubveyj1N7FSNNAaAhWkK6LEbqFWCVHlE+XR7p0fe69kmTs34prsmUrRJjk6XojWE2hd2g2O0F2gKOYopgW8aOdOmEGv5GXeiyU0/wBt8TM0/dxmq70P6o5xLLbi4ckjzo0XXdZfws10vEJZS7mdWhPWzur9NsV3JI9U4cGiIa+6TiWS2HHcT0CbgP5ccXdgLO+Ks/0mIaF35KYRsqRns3JORkuJN2e6K8KiJcwgIFjDzJha1nCY+Vo0v4py30SkaHh8LhRajWOOXetUKxWc7NW2ibBIaAaGn4pdFFwPo6630UtEiwqga4aucpBJCBTpNT0LqQ3Q0eZcTBm8aZNbNearsG0PwpejcMxGfZGAirtL5PC/tBlfDiiY7uLBzE/HdW25mEz0h8fMOgROafQRVFvw5EMPxDgzNAPLK0UeoOlfivaMjHw+GuhnxCGx5YJJoVtYr8V4gziDTI0Y4d5gIc2u41Wp4n4hysifEwnu8uOCjHy6c29OJ+oSTd/wbQi3VejfZWRHG5k7SDzaEhZnxF5cWWziGOG8rgGSjsb0P6fJQ4mXK+F0hIcxpHPXS9j+Ci4rIzIgLQRThVe/RYRUkzpcU42arh2NwsY0eTnZrBE9vMGE632Pw/FA+NZ2LLmXhM8uIN5SRpzO710WXx817Y/s8/8AASBpspvtBDgKtvelbm64sSi07TL7JB5nmdBuqnFYYp4nkhp5vV7g91CZHseTGC4dvZRyicu54x6OoKmLY6Assb4ToDyhSQZcLNJpCD2pGJGxStjLuXs5qz/GcF+K40S+Em2PrUDsU3EpdhLzo5WBsZ0UTmgu+CBQ5L4SBeyLQZjJBuPdY00xtfRIQG9lC4XspSQ46J8YAIsKiWSYOKZHgctn3RKdwiiAaAGgdt1JgsayLmcCCRfyVDLyhNKQ01G3T4qvQltgvJLpJHF1hUpJm2GsbXQq/nO0AYSfdUsfCe82SAOpIQ/s0v7LWHyxc0ziC1gsj3QeVzsrLJvVxsq9nyhxEEJpjdHEDdJg47G2XOrqTWwSX5ME+Owhj1jYIeKDpvQ3/YNz8z+S2Hgpx4P4T8Q+IH+mSYDGxjVEVpYP+53/AKFipPP4jlwY+LGXZEz2wwxjYXoB8Frf2kZDOE8P4Z4awJAYsKIOmI/ikPU++5/8y64fjFv7OSX5Ovs8xeC5+t2mMb69662p+QmQajU9FLPjNidTH+Y7rQ0Cxb3s2sfIByN9+qaw2Oqa9wMTR/ENPgnROs0PqoqxixTsEtPPKO60nDcc2C0c7DsRqFkeJwOjHmN+719kvBuJZOK8GCZzB/LuPouWcHF2jqwLktM9s8D4h+0PyKry2kNJ7n/j80W4xO50lEVWiwvhbxVNA0sliDg77xZoT20K1Bzo85rXsJaSeqt5nx40JxccnORVzyXvjjAsXZ/v6q9zMhwXNrU7qlI4NnJJFDshvF+Jshie6RwDWglZc/ZvzUlRkP2l8UZBw44sT6lmIFDfluyfyCwfCWEnmsKLxTxJ/FeMSTBx8sHlYOw/72puGgNaOawUU0rNW16NZw+UUA6kWhbe5q0Bwa031RvF1Iu67qGc8uwpiR690bxYi4AEWOyo8OjD2ekgOGovqi7JWCEEemVujvdNJLZDsjlY1mirPdrsNk6aUPJ1ULn0NdQUrsRDIRZIUdiq1+KZO8XsoXybNvdVBNsyno2/gmIjh00nR0xr3oALRHcd0J8IQ8nAcWv4uZ/1cf8AhGaANndfR41UUj5nyZcskmMd8aKUFc9uum1JAFRy/wBClcNiuBI3cuOx1TQhoGvsnEdgkF9UtdQgYljavnaYTrW6eW0muAJBCAsUDW0p9tvdcO+i6weqndiRG/caKE6G1YdV7G+6jLQTafRLGVokcRs3VO6aFJVG+qlSHZ8YkGrVd7SSbcrMgN6/go3DovGPrJqim+uihlaCLVqTQ9VXkrlNoIKwrbRKBe5pKRWwSbC7TI2SBxvTZNlJLgAEsffomsBdJzWa7JxWzOekEMFvINQdUSDx01od0Pidyjuos3MGPEXF2vQLdRswBninPc94xm61q749Fe8Iw8kPPQ5nH8FlpXOmnsklzjv3K23BwIcdgIqgATsrl1REXs2mKaiB30WJ8UxyycYkbGCWEBze2o1/G0Vk44I2+XjNDpNiegSYGM/Jf5stucepSi6NHGyrwTg7gQ+QW4rW4uLFAy3uDQNdVXdPDhxDmIDhohs2Y7KfoRyWi76HQan40GN8vBiEp2BGyrA8bzm22XHxW9ASSR9AbSYTRQsDbSkSiBaBrqlQ26KkPA819HI4nzE7iNn/ACPyVuLw0HEh2XMfg0Clahc47dFcjkeAPUfkntFWUh4aZQDcmRx7OaKUc/C48B0TB5ks0zxHFDGCS9xNAAUepCMR5Dgfgg+Rnth8WYc2RkSY8cDfMjlaDo8WQRXvQVQe/wAloErfZucXheB4fw5ncRikm4hNihjInRyRmOR4B1uq5KJvY6ddh+Q8vfiykEvDa/qPx/FXOKTfbuJYkHHGHDyZeWWbJIfLI8lp5SWA6bAcvT2CfiQwZMgY9rm8uoAfyn3FlXlmppNaRtD8eyxgTzxcz4uYsLfUKJHL1v22VqMxuc13mOa0uFxgbDrqVXikbjPlbj+mN7OSgb00Ne+oVXLAiIlhJ5Ks9x3WCqL0aN8laO4nA2OUva5xoWKO6XCkbI0c2/uqzMwDJDZSCySg09j7pz2Pw5yXCxzcr2XsVlk3svHdF18r22xh0PUdU5s0lcrdQo2NElFrtPyU73NjFM1PdZpfZq0qB8+NIyVsriWx3s3dWMbLizGiGVvIW6Dm6hTi5WkjU9lVlhY/7tMk+Cu7IbpA7ifBR6nw9daGqBPZLjv9QqlrWTywjlf6hskzIYns1aBzD7pQ69iizNQ5ZB9RV+DiDSafVBLLwlr/ALhMZ+FpjeAZTwTCWPA3PNy/go430yrQbh4pAYeSQHahSrSOxOaxIBaDu4VmsIBLW/8AmGqacCcXzysF+5KFGS9jXGwjLlYUQ9Z5iNkNyOIPn/d44Ib2A1TfscMP+bLznsE2WVjBUTeRvtum96bHr0NA8pvqI5z73SR73gNaDvqSoo5AyQPfqwGzaflZQmbcQAHUhVFUujOd+jY+BpIeCY+R4iy6fIxpgwIyfvyHRz/gBp8yszxed88z8jIk55pnFzidyeqeMuTMxMeOV7QzGaGxtGgA/wCUMzXF0tAk13WjlZklxdsRpaHW7YdAojMebTZJdmk3l5TZCnZdErH73qFPEzXmq2qm19EjTVWI5qpp9KmydhRsbZILc0EHf3QfL4a+F5kxRbd+QHb4K26SSH0m99lfx52yRAuFKkr0yozeN2ipwjiPlvDZLa4HZwo0thhcXhZGA5wv4rO+WwnUAt90Y4diwB0Z8thB0qlP+spPTKl5draCEnEn5FiFvN7rCeM8rIbkmGR58ssGncm/6L0XKxSyNpjaAK6Cl5P4qzm5XFJnMssaeRp9h/zaUsMcfWwxeQ5PQAZGDNqL16I1ixgNbe/ZDcVhc7fqjcDAQuWbOxS0EsEcoG9IzjPpoCDY76aAiWM4DUHXtSzE9ml4XO1hF9VdyJxZcwgH8EDx5hXqGvdPc91aFDeqBIIMLnPJPVTSN9FhD4ZS0am0+bPbRHUJxSFPS0RTSCj3UDSSS40KCoNkfLKSLItX2MeS2JurnENFdzouvFjqSOLJk0etcLi+z8OxIm6eXE1v4K0TtZtNa0gBoGg0CdYXtLR81O3JsU0bSDboVwrquI2TIoQjmXA0KpdzepOsnWkyRBrvVJNL90pI5dN0mlJ9gJrraQe2icB3SFvekgYm2hSjawuO2wXACtEibEqxpooSNDeqlIHyCYQLoIH2NbVLiN+3RKKN9Pa0ulbJBR8WXZACje5wJ3UhGvv3UTgbteIfWsjeAB6rpV5L6BTvdd9Sq79SbVEMiede6ge8c2mnspJSALBVQu5nbooxm36LLX2NAp2H0gEV8VUhfynUgAKU5AcaB0K0gjGUvsul/p0KCcVl8ySrPp7ol/ASTpSBZbgXuvW1smYuQ3AYDOHv2abRluVJM4RQ3yjdwKCQMc4gRg+60/BsE2LrVNhHQR4Ng7E2AjmTkR4OOXaKo6ZmHCSXBoAskrNT50nEcq9oxsFFcma3xCT8qXMn5nbdkW4fCSBdKlwvEJbzV80fi5I2i26hN0ia2WsZgA0oD3Vp0zGVZaD8d0JyM1oIa3fsp8CCbKeC8ek9E+ymgtjl09Fg+aJRYznAH6pcLGbCwWR8FNLnRQM5Q4F3YBHRX9EjMVjfvboJ4s4cMrhUjoWc2RD62UNSOo+mvyCvMyJMp55ba36JcvJiwcUukJJrQblx7ITomSZkOEeN+LcMfkwOijyJsosuedpfM0ixo4nrdEHsOy9CjyyC+caB4EjR2Dhf6rGQ4oyc85eWAXdBX3VqcYedFbQA0enQeynJV2jSEpPTCUeW108Ra6w4USrJc+N/pJ9kCc3ymMeHC7ILe2qM408cjIJXDma02QevcKX6OmGlRUlxBl88LAGy7x9nH+X5qPhmYHkRzWeYcvqKt5zmve+SFnltOzGnQIVy1I11fe1KJLktDUqDTHeRJyn7pUz/ALocDYKrQPDhyOB5aFX8NVajZoeUFwGpCl42tspSVE/D3eslqTLIfJVBpCjhk5B6SK6FV3vPmFzlDQN2TxTCIFrwHe9KJ8PnO52Scw7OOoVV0lnfRLGDzc4JB9lLYcUy1K3y2MAtpPUqMwnlvzQeqgyJZBo1xPxULcxzT62bdkuTYU/Qr4HcxIP1UUmOavmJPZOfmtJ0jI9yf0VV2QXaFOxVIimYATZBKhZEZXtjY0ve401rdyeyke7mG6fiZM2JkMmx3mOVtlrhVixX5FCfspHosXhngfg/hrM7xMyLP4k8XFh7sae1fxe5OnYLy7iUkk+TLPIOXzHE0Nh7I02TI4jO6fNlllN0XyOJLvqhfHXsExZEA1rRWi0eWU1+Wv4FGKXu2DmPMZBvRTTB4onZDInvfMWkUALpGHNkfA1x1ARFCquykGm05wG9+lcSALsJjDv2VCZWkcQ+honxONHmP1UcziH0mMcSackwQZx5xktDXauGlnqrsUZDCAEGxXFrwR+C0GC4SROurpOJEmIxpMWm4RvhEhYYozqC6791RbyNAAbr1V3BjHmx8uluGvbVdCdGMm/ZpePZIwfDubkuJD2MHJ/vsV+K8OyQDdE0vT/2n54j4bh4LXAeY4zPHs3QD8T9F5g5/mimsJ91xZp3J0dfiwqHIl4fF1Ju0Yx2UxC8Nr2feY4X1pGILLACuWf8nXsnhjtwRPHZQaToh8Y5CK1KL4gD2+/ZRX0NotxMsXskeOWjasxhrY+xVaRhJoHUlOr6J5UVp8nyyfVXxVVksWpkN2e6IngrMmQPlkkI/lBpF8DgmFAQWxczuhebIXTDEo7Zz5J3pAnGZJK3lghoH2pHvDnDnO4xitlF8jvMd8G6/nSuOY1kdNFAdAinhLHLpcjMO3+U35UT+i6/HjyyaOHyHwxtmobtquSXpqUunRekkeFYorlvQpR7JANLA1SjsmKrGgWfdcdCu2rVKT7IJoafvJQb3CWwRqaSAf6tEAdd9KSVrSUDXRcRpdUPih0goSl1eySgndAEia+xD0JKidv3pSuOij1OyTGv4GB2vQLuX3TnCzY391xb1IQDtHxa4Eg1VKGRlCzuped1+yhyH0P6LxLPrZbRXea2Vd7hRtPkdoK26qjkStopq2c7YydwA0UBfppofZML7cSRp8VPiNDncx1vRapGMppbGxxumd6WuDffurDIRGAXDUKx5gY2hVIdmZWuhNLZaOfkSZWS0MLWn8UMd+8eA3VJJIZCaFWiPCsXmdfKbQwWy3wzErlsbrQwgY8dkjRQYsYiZZQvjHEA0FrXEfBKzR6VkHHeJHIkETCeUbjuVY4NCHEaCln4S6aa+pK0/Dy5jaYy1TdKiL2aSB4hZdgfNME02U8tj5q70q+NivneHSaBaTAx2RNFABT/AGU3sh4TwkMcHyE83utJF5WPFZDWgIXNkshAN37KicmXLloA17KtssLZPFC48kO3dSYOI+V/NKSG7pvDsBkYL5SCaS8S4mzHZyQU6Q6ADp7lK0tILLPEOIQ8PZy6GQ7MCBGSXKlMkmrjsOgSYuJLkz88pJc7clH8LCbDR1tKgctFPGxZHC3A0i2D+6dyBwAKTIcGj0j4qtjyF84cDVFD2io3ZZ4jE6GcED928cw/VWuDSB8cse/L6vl/dfVTyYv2rEtpHO2y339k3gmA57nzRk+kiORlbB2x+RGqFFyRtypUy3GwAUTopcXG4c7IZ/iX2lsJJ5nY5Afsaq9N6UEgIcWiw5pohO5g6OiAT7pcmikk+zYO49wPA4bPi8FgsTRGOabI++8VVdgPgshi5REgt1+/dDclpa7naVV89zZLbem4UuUp9uxqKjuJrM5+LPixPg52ZwJEzf4Hjo4djWhCEyyEAhybjzsmxi/n5ZGmuU9RW64utpJCzldUzRU+hGNJdYUryWN3UDZAzuklna8b0oopMR0mlWT8ExjeYFOibzOAvQKYtoaJIUpFHIFDQaqpWtnZEpmgtOirujFa6BULkys061oAlaDK/lbvfZc+j6Wjr0RDEgbAzzJDTq2SLRLK4YuNp97oFm8gGSYl561qiObN5j3OJPKNrQpr+YlzaA6Jpky0iGUBud6D6aR5j2fZmMoaBB2wkNMj9+y4yPaNNFdtEpaJc+CmlzRY7IYXEEAmgjcDzkRFr96QnIh5JSHa6oavYrpkVBwu9QlA6hPaAPuD0pXihsq00LkPxxTr3RrCdTg3ugMHM94A0CN4gc0junElsLNYPSdSOqJ4VDIj31IFfFUG/wDw/M00btTYExfkgk3y6iulK+TRm9gTx5K7M4xLzDSJrYmj4Cz+JKo8K4c1zWhw9XuiOdAcjiUzz6ueRzr+aI8PxqOxC5k92duNvgooRnBWvZQbpW6Gy4j8WbkcKB1B7rd4kIEbSUG8R47Wxh425qRlgpKx45tOmBWRAtB2RHBaANRr3VeBnMwAEK9A0sjpy5VE6X0TOlaxpJ2HdBjxVhyXchsDraIZ2BNmY72MdytcK23CBjwrlNt2NJf+k6UtFjfaMnxZosPiYdygEI1i5LXN+8PqsLHwrNxnAzEFvdt/2EbwI3iuaSlaTREox+zUulDhTdb6BbHheM3Ewo4RuBbvidSsr4Xwzk5IlcbjhP1d0/qtqGkN2+i9TxMfCNv2eF8jn/JY0K3l1BCf0F/RMb7BO923fuuo861Q4XtVLiNza5up13SOHZIT0J12tKAQNSuAIGv0XCiOoVE/2IQK0+q4N09/ZOoBqYd9Uh0J11SmwPZKQPguArbW+6BXQg1op3LY1ITb122TteXVAk7Gu0oA6KI2XfBSEA7phAad0BQ0g0a/Fc06e6VICNuqkGfE73gaKtM8Vq5Rul19aqTTDqV4qifUymhcuRoBINhDJpOYmqKbl5PNYafoqwcXNsmgFtGLOSeTZI5wa3U/JXD+6wuYmnDUlC4HedlNAB5Rur3FXAY/lgb7haKPo55ZLIHZznaXoopJgWklUHNLR94hRnmdQu/mqcSeQW4cwzzg1YWtwsZrWg62EF8P4fJCHvJRjIyiW8kOp2B2pT0zSMiLieaIQWtdr2tAmwzZ0hIB5b3OyNY+AJH88/rf2OyL42G1upaAOwGgT5FNN7BHDeEtZV2Xd6WhxsURgOdqntDW6Bo+iV04Y0mqRethFJhFkga2gQAN6TJeICPQGz3QWTMfI6mggeyuYGI+d4J290uy/RbgbJlSNuyCVosPHix47NAAdVXgbHiQkuoADfZCc7iTssiKC+UmrrdJP6JUfsJcR4sXXBifAu6/JM4fg8zg+Qkk66pvDcBrQHVr1R2EBjQTVKxtJrRNjQBoFDRWw4AXWqrMk5iBfpTcmcRNOtIbBRGZk1Ak7KLDJe4PA9BKHse/NmoGowVoooOTFHKNqUSKVphbHfWI0jSka4ZnQzyCw1kzvTIe/ug+FAZ8MlhaZGn7hNE/BSeJ8M8GzYI4gWSeQx8o31Iu9dt9u4Wig1G7NWlJ8WP47C7B4q8acsgEjD0N/e/H80PlewuuOwDuOxRXPk/xfggm1GTjjmDiLs9QfiBfxCDiK2tN+ogFTK2uRWNtLi/RIA1zNR9VVyoYmxGRgt3xKfLIGaG9U6Itk0KyVpmlWB7cXFzQRXRafgnCcvLx4ZpDBjY03MGS5MrY2uA0JHUi9NAn8G4BHnZYdPkDFxWtL5JjvyjcNHVx6D/smcUJyciEjmjhib5cUROkbLJr8VqlFK2Z2/RWyYPKc4N9YF6jb5HqFUdEyUXs5SYmdlHNaySBzoL9RA+4O9rWcD4RjeIZnY+DyCYNLyZLaKCjhyK/VUezGASxHbmG3dOOTIBq0LV8Z8Ky8LLo3y/vG6kHY+47hAH400RtpaTvrojJhcdsccin0URkOkJDBZ7DVc2CV7rd6R7oi7KzCzld5dDqGgfkqcpeQS+UAeywaS6Li/scxsOMLIBcVUyZnSv5joBsFDkZUEAovBPfdVfMMwL3nlj333U9j5ULkDnGtAA38VXfoBTdlILkNuHpGwCfy+k0FRJPHmNZjNY5jbHU7qIwvlAcW1zbKhOSX0KsK5jzl0LQTq00fimrQnouxQGCMnXm6oVntt5OgatACHxB+tOF7IJxOmu0FhbeiOXoohoa307dlKxhe3YKuw8zwCKCI44oDRTQ2PxccDoieOwClVgFvHRFsXHBeAPxWiM3onjZeO4dF3D2cuQAP4gWn4K0+AshcBW1pnCIDlcQhxmnlfK4MaexOyHbdIF0UY2jzpCDYDiB8LRXh8dm+iHz4k2BlzYuQ3knheWPb2I/REsDQC7tcji1Kmd2NasNwH0V2QrxCP8ApwANXOH5FFID6UL4s7zZ2t/hZpXv/dKpS1RcY/lYOxmBjASB8VexmefI1oGnVQkANAGqLcKhaxtu++VEUvZU3Zfhx2hjRsNqU8WI3m5tL7LmPAFEaJBk8ug3CrkjJa6EyoWRDnawWOlboRmmKRttia09A0Kzl5RLjzHdWPC+PJlcRkyGi2YwDtduY2B+RVYofqSMss1GLbJfDnEhiRxNmaGMvlI/mF7/ABF6jtqtsHBzdK5TqEF45wt3EMOfimC2HynjzDHqD6RTvg4Ufoq3hvijnNGPO3laDUbwbafbuF6cXWjwMy5NyNGNNqStOptJ1oBI08utfRbqjlboffq0JSjW6C5pB30SVTtN0iUxaA3slKfu6briSO1pNQ3VOwux1+gG7Kjuz2tOa4Vul5NLpNaGJ6drtcdjraWui47eqqSJGDV11Q+CeBYFpCQCks+xCLHYpB23ChIo6qRxr3UcmopJj0I2tNqTHfeJadPZPAABsppGum6RJ//Z', '2026-01-21 05:52:31', '2026-01-21 05:52:31', 2, 1);
INSERT INTO `jurnal` (`id`, `tanggal`, `jam_mulai`, `jam_selesai`, `mata_pelajaran`, `materi`, `foto_kegiatan`, `createdAt`, `updatedAt`, `guru_id`, `kelas_id`) VALUES
(2, '2026-05-03 04:35:52', '11:33:00', '13:32:00', 'Bahasa Indonesia', 'Surat Lamaran Pekerjaan', 'data:image/jpeg;base64,/9j/4AAQSkZJRgABAQAAAQABAAD/4gHYSUNDX1BST0ZJTEUAAQEAAAHIAAAAAAQwAABtbnRyUkdCIFhZWiAH4AABAAEAAAAAAABhY3NwAAAAAAAAAAAAAAAAAAAAAAAAAAAAAAAAAAAAAQAA9tYAAQAAAADTLQAAAAAAAAAAAAAAAAAAAAAAAAAAAAAAAAAAAAAAAAAAAAAAAAAAAAAAAAAAAAAAAAAAAAlkZXNjAAAA8AAAACRyWFlaAAABFAAAABRnWFlaAAABKAAAABRiWFlaAAABPAAAABR3dHB0AAABUAAAABRyVFJDAAABZAAAAChnVFJDAAABZAAAAChiVFJDAAABZAAAAChjcHJ0AAABjAAAADxtbHVjAAAAAAAAAAEAAAAMZW5VUwAAAAgAAAAcAHMAUgBHAEJYWVogAAAAAAAAb6IAADj1AAADkFhZWiAAAAAAAABimQAAt4UAABjaWFlaIAAAAAAAACSgAAAPhAAAts9YWVogAAAAAAAA9tYAAQAAAADTLXBhcmEAAAAAAAQAAAACZmYAAPKnAAANWQAAE9AAAApbAAAAAAAAAABtbHVjAAAAAAAAAAEAAAAMZW5VUwAAACAAAAAcAEcAbwBvAGcAbABlACAASQBuAGMALgAgADIAMAAxADb/2wBDAAYEBQYFBAYGBQYHBwYIChAKCgkJChQODwwQFxQYGBcUFhYaHSUfGhsjHBYWICwgIyYnKSopGR8tMC0oMCUoKSj/2wBDAQcHBwoIChMKChMoGhYaKCgoKCgoKCgoKCgoKCgoKCgoKCgoKCgoKCgoKCgoKCgoKCgoKCgoKCgoKCgoKCgoKCj/wAARCAKAAeADASIAAhEBAxEB/8QAHQAAAQUBAQEBAAAAAAAAAAAAAgABAwQFBgcICf/EAEwQAAEDAwIEBAMFBAcFBwQCAwECAxEABCEFMQYSQVETImFxgZGhBxQyscEVI0LRCDNSYnLh8BYkgpKiQ1Njc7LC8SU0NYNEk2Szw//EABsBAAMBAQEBAQAAAAAAAAAAAAABAgMEBQYH/8QAMxEAAgIBBAICAQMCBQMFAAAAAAECEQMEEiExE0EFUSIUMmEGcRUjgZGxBzNCUmKh0eH/2gAMAwEAAhEDEQA/AOxS4D1mjEVQbdiJqdLo716B5pZ5+WAKIOEmZquF9h8aZR7EmlQ7LyXB1o/Ek4rPSuOtSJe9aKC/s0Eug/ip/GQMAVQDsdRRpcTvQItl0qwMCnnck1TU+EjG9Vl3MEyc9aAs0y6lJEqmo3Hkk9KzPvABwBUfjcxkmBSaYnZoqdAETUSnsGqa3grFROvobbKnHEJSP4lKgCmgsul3vUKnZ64NY9xxBpzSQpT/AInYNAqP8vrWRdcVknltbUpTuFOKn5gfzqtrMpZUjqVrJOKrvOtspJfebbHdagkfWuHuNb1C5wq5U2Ozflj4jP1rNcKlnmUSVdycmns45J8/0jubrW9OYSqHlvEYhtM/UwPlWBecSPrM27SGknorzEVjcwAAJzQnuM0eNCllb4LD2q3zxPPcrAPRJj8qznFLXHiKKie9TqSeWaDk9P1q9qRm7ZWIxA2pgnPwqflnPShgDAzQCK6k9Aa57iVooeStJACmogehP8xXTkZBrE4lQC1br5ZgqTjpif0rk1sVLEz0fjJVnRzbYBJEz8d6QAgbkD1pkwFZGKImN5rwD6xDgAiAQAakCBBIPSo59sUYUImc1JdjFMIGQM0HpGOtGrMz8qEb7zNDEAYjvTTIzv3oyJk7igV6HbvTEwSIJJGDSxFLl7de/WmOFdc0xDHoramXHLI2JpoB/wA6QiI2qgI1++3WaiUIB79D6VKoT6j0qMgAGJEY3q0BEoZMb0MZziO1SKEHORUSjNaIlgHIxgdRQZyKkPtNCYBAx61SIYAkbb1OgwdoE1CsbGPnUqDJVJ6V04OWeZrohn86YQcZmlzAgdPWmnY9K7Gzy6H98jvRpiY6+tNJkR+VOTvkg9qBDEEYmR60UAxkE+tD+dOdukUCHAMSYok9QdgaA79QBijH50xFhgSmehMR3p7psFCSO8SetK3POoAjbrVp5HPbLAwEjGO1HIrMntOFU8E9qfdX86JEFxIXPJzCY7UACdpkd6E9B+VTXSUIuHEsL8RoKISqIkd6hI6xTTGfULVwZGPnVgOiJJzWMl/qDIqUPiJmtOhWbP3kwBNGh8cu/wAaxBc/nRfecb+1IV/RsKezAND48HNZabgkkDemU9IxSYuTWF18IohcnEGsYPEqxJqs7rWn26il67aC0ieUHmPtAorgLo6A3J6nNCpyTXGXvF7YBTY26nFEfjdMAGOwyfmKwX9a1C7/AK25WB0Sg8oHy/Wmot8oh5kj0W81K1skc1y+hAmOWZUfhvWU/wAXWLcpt23X4O8coPsTn6VwSRkqO6tzGTUzaT8PyrRR+zKWaT6N274kv7hMNKRbpOPIJPzNZxfddWVOuuOKO5WqagSARFWEgDMb1oopESk5O2IbHp604TMGjCTJmiAkZxHpTJqyKI96cpiZqUDafnT8vy3pDXBBy9DS5YOdqm5AJ2pynHekMrqT3oSiTG1WinrTcgpAVCiKEp3796tKTj0qNSOgoApqSCZArJ4iEWCFgfgdSY7zI/WtxaIxWZrzfNpD5gwkBfyINc2qjeKSOnRy2Z4v+TiRKT1A/SiBMgnegekOKBOZmnk4iK+dZ9oiQDcjem2JgbiacTE+lDzR/PvUjCyep70lHeO9I9CCM/Gm/ijNAwcco+VAYxneiB3BzTKwI2FNEsDI3wNqcyQd52GaAzI96c+ZI3np61QAkjt03oelOuRO9MPqaYCUexGaiJ9MdKJWTuO4moVk96uKFY5EHaD3qMwT2oiry+vegUc9YP0q0JgbChO+5miJkjMiaY9MmPWrIYDmx2+NG10g+89f9ZoFTHrSbMgTt2iujB2cGsVolJOAYn0ph0OIoSZGM0Y23x2rtPKfAc43BNIZOSKGIVH1o5zM/SmZiIHUZpdRG1KAfamJn1NAiQTJmBSEDcjND03Hz3pxmcHG5pAWbX8Xvg1qMplBCj0ye9Y7B/eAgEnfJratlAqT+lNEsxFpCFkEEEYIO8igJk9ZqzqCeW8XBkEk4qqN807AcYyJiaEpJ6URGx6etCR600M90buwmAk4NSfeTkZmuYtr5FwhLjK0rQrYg0v2k0l3w1vtpUTHmIAHv2qpEqukdQbshJmhN4oAST71xVzxIlPlt2y5kgKUYHoaoP6tdXWFL5Ef2UY+fypLnohyS6O8f1xi1UoPvpSQMpGVfIVn3PF6xIsmZx+J3v3gVx34oBMmpWxGNoq4xT7M3ORqXWq3l/m5eUtERyDAHwqFJPMe3pUbacwZip20yr0rWkiG2+yVA8xmpAM4FMlIqZtI602QG2nr3qdIBIxFA3E1MkDFCQBpTtgfCpEpj/Ok2ABCozUzaaYgUI+FSBBBo0pANSpGOmNooQPgh5fgKcDGKlUnEHejZbKs/LNILIUs8wzinUxg5NXvCMbQaZTZkQKTDkorbgChDZq8pvEnYb1SevLNknmuGz/hPN+VTaRXICmoBJqLwxsRiq72sNTDba1R1MCqTurOkyhLaOuRNTuQ9rLric4BmqOpISqyfbWQOZtQBnbFU3r5wjzukD0MVRTeNvuJQwS85OyBzE/AVnkkmmjbFB7kzmrgeYY3A2FRSOaDk96sX6Ay+oHBSpSYIgiDGR9KrRBSSAa+emqZ9pB8InBPL6GhM9oHqKZBmI270S4A5gR7VkWOfwxEqpdPbrTImI6daLlgd/jSADqYn1jrQR6GKIx1iBSXA2HxqkJkauu0U24+GfWiWPLQ7gSJMUxAqx7VHsME5qVYGOtREApPTNWgsFW0gbdqiOxO1Gs5xHwoJjpFWhAmN49qjVE9/epHBg+nrUSuuatEsQwNiKHEdaXvvSJ3/KqEwXCOXE0LJPMNlQaSjHQ4oW+UHqRW+LhnDquUTHEAjHSiHmIn3qMxIEbUSQJMyK7kzymiWRP5elLPp60IiMU5MUzMftvTp7jp9aYb4x1mlM+9IQRmYViKc5wdqaMz09qUAnIImkIkbMLBzjNa1us7x03B2rGEJ2zWnZq5hBJ7HFWhMr3LbhUXVJIQVEJMf671XVhQ6+tbuqNpb0pJBHmWDHbBrCMkD5UqJBV3G/rTHAk9sURxBn4UOwz9KZRoNOrb8UIWUhwQuJz70bA2SBHQZ3qOPOB3EZqVlM7kZrWjGydspgbb/WrKCIxFV0nzeYYqw1ntiiqM2yywRNW0QBIxFVWxPQ1YbxMGriItN5APWrLeRVVrJFWUGaoksJGKkA+dRIzjr0qVJ+fagGiVG5zgVOmSB+lV21SsgbxNTpyJOKLIZMgkQTVhBiqpdSgAqWBHrTKv2G9lcxj+Gk5JDSfo0U5T0owSBmsRzVlAcrSEp9VZqm/qD6gSp8oT2QeWl5EX4pSOnW620Ap1aUD+8YqJzW7FoeVwuns2mfrtXHIuDdv8lu0/dvHHKykuK+Qk1t2HB3EuoGWtJct0HdVytLcfCeb6VLmNYWXHuJVEwxa9MKcXt8P86oP67drBCnUNp7IEfU11mm/ZNqzyebUNTYYB3DDJXB/xKKR9DXWaT9kGkIIU8i7vT18V1Uf9ASI9zWTyHRHTs8Rub5K/NcOlYndayfzq3Z6Zq1+JsdIvngdl+CUIP/EqE/WvpnSOBLDTwk2mn2tsR/EltKFfMAk/Ot5rh9hOXSCf7qf5zUOb9GixJdnzPZfZ5xNekFabK0T1C3S4ofBAIn410Wn/AGSN84/aWq3Tqp/Cw2loe2eY19AN6XaN/wDZc3+Ik/TarKGkNiG0JQOyRFRb+ytsfo8i0r7K9Et1JUnRw+oZ5rkqcn4LMfIV1tjwsm2RyMtW9s3/AGG0gD5JAFdgpNCU0d9lXXR8S/aTpv7L4216yJkNXri5iPKuFj6KFclORXq39Iez+6/aRfuAYurdh+O55eQ//wCuvKl4MfKvIzKptH0end4osNKu4o9gYGKBO8mYo1EcvrWDNwYO1FsBn0oeuKQ2yIFIBKPmA3oDt3miWIjaKEkzGwpoQplJCoBoIx2NL16dI6Uw83rVCGVJjOKj2jFSriDHxqAiMCqQAEmex2phvjboKS8A0IPtvvWgBODG+5qFQqYgmoFiOuaqJLAUYG+aERG9I5pp83pWhm2Mfjv2pNnc7UlRB60DU8+K0x9nJqOiZcTPUelEkRBIxT9QIPtQzA/OvQR5bJBsRApjj+VD3A2FImMxBoIoOcbTSOAZnPemnOQBTzsAPnSFQWZxEUkmmJxE70+JPbaiiSSTMD41dtFBJmZPvWfjrvVu1VKvXpjrTRLRevVFy0KSJAgisrOZ6VrOSphQI3BzFZJwe9NkoEiNtz60MzijV6j50J37UFo1AnlVzbnpUzQAViM07iOUmZ+FJsnxCCBO59K1ujn/ALhxkd6sNiI6g1EcK9+1Tt5CY+FFWZvsmTtk/GrKfrVZON8VMHEg/ip3QUW29hvVhHpWf94CRJgCPehXfpSR5xFDmh7H7NYK5TJwKfx0JG4rLtFXWoKCdPtri8KujDZXHvGwrotP4D4o1BIDjDFkhXW4dBPyRP1ilvoFikyibsIMpAHvVd3UChPMp2ER0MfWvRNK+x9x9STqWp3Thn8Fs2lse0nmJ94Fd3of2S6LaFC/2S06sf8AaXZLp+SyR8hWcslvg3jgPnqzfevnOXTrW4vF9fAaU5HxANdVpvAPFOomVWbFig7KuXhJH+FMn5xX0tZ8MssNpR5EITslAx+g+lazGl2zUQkk+8flUOTNo44rs8A0r7H3FJQdU1N5Z6oYbDY+ClST8q7HSvsn0S1IUrTQ+o5K7klz6KgfIV622yhtMNoSkegipENiJIpOTLqPpHLafwsxbNhtpDLLY2S2mAPgIrXY0S2byStR9IT+WfrV6+dt7O1durh1LLLSStbijAAHeuPHGl3f+IrRtPR93RkO3alJLg7hKRgdcn4UkmxNpHXM2VuyeZtlAV/aiT86mIrn9L4jcc5EanaoYUvZbSytHxkAp+o9a6NJCkyMihprsE0yIpoYqUihigCMihIqU0BFAgFCo1CpTQKFAHzd/SiseTiPRLyMP2bjMxuULB//AOleDu4Xn6V9M/0orPn0DQr3kB8K7WxPbnbJ/wDZHxr5oeHLv1715mrVTPd0MrwoZMSfSjJxkfCoRg4zU6CT+XwrjZ2gARI+VOOh6ntTOTPt1pJzsaQCVt1xtUZSoGZqQ+1AY/zpoBtxMxTIySBNPyztSThRgY3pgAuR/i9qiKRzDp1qw8YzOKgUQnJ61cRFZf4onamGD6UTglXcVGDIAOa1XQmTdI9Kgc9T7VKg9z7VEvM7GnHsTIIgUJ3oyMmgODWqMZDKOI6UKPx9cinOaTf9ZVw7RzZv2ssiCdhkYmg/i96JcTg5UIqOfNt132rubPLJAex+VKfN6U0xOx67Uj9TVCCByJjvmnG2SCJ7009xk9+lJR9/Y0iQhHX2inwCKAdsU4OZ7fCgQSSBsKs2x5eknaariTuc7VNbkjvE7U0RI1Wsgg9oPY1kLOTGM1otK8oTsDgVnOwlZSRsaZMRpiaE5oj16077TjauR0QqAYPrmgpHfcQ8H6loup3VlZvo1c2ygFtoTyXAwDIQZ58EfhJPoKqcP8M6rrjoOnWLq0k8qnHAW0pjeSqM+ldV9uS3tM49W8Enwbq2bd5kmIV5k/8AsFWvs917VOIrlOlXjz/3ZUw+FrQtCokJK0kEggHesFmdcnT+mi+TH4p4G1HRbW2WpbNy6uZaZklERGYzOflWbpXCvEN+RFibNtWAu7WGyP8Ahyo/AGvd9M4XYs1Eg8q1fjLQ5Sv/ABKPmPxNdHZafa25lplAJ6kSfnUrPIl6XH2fMmu8HcSaVepYFiq8QttLrb9uT4agrp5gCCMyCKm0/gjia7CSu2t7ZKs/vHZPySD+de+cZWeo3CrH9naguyZBWl7kzzbFMfXqKuaBp6Es8r7j1ysZ5nllX02rWMm+WQ4QjwjyPSfsoeuOX9oai86Cct26A2D7k8x/Ku80H7K9IsShSdOZW4M+Jc/vVe/mmPgBXotshKUhKEhIHQCKvNpinyFmPY8N27SUoUQEp2SkYH+vatu20y1aiGgr/FkfLapm0/OrCKEhWStJCRCEhI7ARVhIxUTYqZFFDQYTNSpTiKBNSJpMYQAFEBTUQqRnBfaU5c3d5pml2pUUSbp1CVAFRSYQPUSFH4CsFy+W06pLaAwoDlcSIPMevetj7Q7dDfENlePPm3bUx4YWkKJCkqJxH+Ida5WzIfUtTxUoAFayTk/5nb41vDowl3R0dldpXCVyU8pER/rrXY6Lec6G2VpKVBJTtuRsfl+Vea2fNCHEEhC4wrdB7E/rXX6K44h9gqWlcvpQFJOCACDHzFE1wKDd0dgaEiiNCayRsCaA0ZoDTABW9AqjNAqgR5j/AEhrQ3H2aXLqfxWt1bvD/nCD9F18pa5Y/cFWKvGS63dsh1MDKTiQfmPlX2Z9q1qb37OOJGRkiyccGJygc/8A7a+LL3nLo51qIQkBI6JHYdq87WVuR63x9uPHorpEmN6kTIPmx61GJ5j/ACqSIwcGuBnqCXmJPSmSPNBM0R3pAiJIpAMc42qNRgjMGjUuYqFeaaQEqDzd6YDPWo0q5TPfpRrnmmcRToVjOdpkDvVdcTjepnNvhVcqkZFXEQCwNwcdKhE9qnV5gc5qI7mtUIXQdaBZzv8AOiz1HwoFRn1qkDIzjegUMz3pzvB70xPrVoxlyAqhR/WCdqJdAP6wVpDs5s3TJ1KyDjApJB+maYmSMdOtJOx+ldyPMDBncz7UsdzHpTfUmlt/KmSF3xTggT6d6EnOZz1pGAdyP0oALpMYpwSEkmKGRj1xRJM0mSwpj2FStST61F0x0qRkwr3NCIfRoNqiIIJqk9hxXXPSrTRgbYIqq/8A1qpz2rQiICiZI69qZRUo8xJJPUmkAent3pigwVJkpGJilRZ7j/SXaXb3PDupJTzMqLjDyduYApUBPT+PNQ8O32n2rlhdWK027lq54VwyU8iilJnmKf8ACCZzuK7X7btEVr/ArS2kpLltcIuADscFJH/VXC6hpzDTCbN5JDxYRceK2IIVyKScDuQkROa8+M10eiouj3gweVQ2NTNK5QSdh2rL0Z0vaHpzmZUwiZ7wJrSZ2gwaZDM211JnXNIdurZCwyl7ylYgqiUzHTbrVrSjDsTuKti2aZs1sMNpQgoVypSIAO9UbBfK8jpmunD0c2RcnQMmrrVUWsVcaOK1IRaRtUzdV26sIpAWEHHtUyTVdG9TpoGTJNSCoU1IDSGSinFADRCpYGTxXpber6O4w4PMkhxC4ykjt8JFeX3inUPvourdTHI0kJ5dlEGEkmIUD6Rt6V7PWJqWiJfJVbrSkEyW1p5kT3irhKuGRKN8nnumpWHGUMpD4fa84gwj1J9O811fD1r4l+wlo8zFtKlLiOdRx/r2qyzoFyoBt11tDAzyIED/AJQAK3rK0as2fDYTA3JO5NOUrFGFFg0BpzQk1CLGOKA05NCTTECajXRqoFGgClqdum80+6tV/hfaW0fZSSP1r4NuElHIHCecJAUD0I3r76UczXw5xvZix4r1i1iPAvrhuB2Dhj6Vw65cJnp/GvmSMBA85mpSQQajnz/CiUBBic5rzT1kMB5f86QMCKRHcZoU56b0DGWZ2qJX1qQgk+tAscp9apCYw3qRJkdCfWoqcbjpTaEO5gwZquqJEVZcGTsfWqyhVRBkajQqzRLA9M1GTIMda0Qhjud6jOTmaMzHwoFnFWhMA+tMqZpdaZW+KsyYKqBP9YKI0A/GK0j2c2XomHQmJ70ydulNPy9adJ5Qa6zzWHt29KXQ9RTdaU79KokLuZinJBjpTJ65pyKYhDpRyBQwSNxFIGeomkILqKkQckmo0n0FSN75nNUQy8k+VM+5NV7j+tJI+s1Mknw0wZImahuoLiYzinZC7Ie8GmyJGY9DSMe/vQk+8Uyz6d1XjOw1HSHLJptRZdyFq7E9QMiO+cjaudt9Msm3w9bkqK+VMPueVAE7ECD/AMXKR0FcprOmusXKgUFm7QOXn5fOMnEx61iL4hVojTQvDcKuAI5wAVH8oryYK5W+z1Zy2r8ej6T4bUr9lhlYMtLKQT1Bgg/I1tMKiJ+FfLenfajr7DTjeitMMoVjneHNG+QiQkHOcdqF/ibibU7YnU9YunfMZDSvCR7QiAa61ilJWcc80U69n1U/qNmy42h66YQ6VYQpY5j7DeqDI5XfKcTg188fZu5yas4FHzodQ8M7gmDX0hbNp5RGa2hHaZTluVmtbqlAq60YrPYMAVdaI61ZmXG96nQc5NVmzip0UMZZSamQYqsk1Og0gRMk1KmoUmpAaQyQGjqMUQNIA6Y01KkA80JNMTTTTAc0BpE0KjTAYmhJpKoSaBDGgUZp1GgUaYAL2r4/+2+2Np9puvpCSEuONvDsedpJP1mvr9Rr5g/pKWxZ49afA8r+ntr9yla0n6ctcetX+XZ3/Hv/ADaPHVbgipSnqIg1E5MgznepZwIryme0MR6GmGDSKh2oMyaBjKPUGgUcd8d6de/xihOKpCGG/edqeYNKBNMo4kYmqAJRPKDUSh5oFPzgYI+NMF+YHp1ppUJkawYz8qrkGcVaUqf/AIqu5G4iK0iID/EJqNdSKnpmo1n41oiWBgn0piTSOaZQqjJsFRqM/iBozUajmK0ic2Xol6CKIfA0AGBTjA3rrR57DB709DRCen1pokec0QntQ4zTjtTsljjA9aeMetNiJ+dOfeZpiCqRIM+/Wo0mZImiQcigll1CoaSOmc1BdzzDuBnpVhseVIMlM1Xuj+8JAjHTrTRnHshUIzgDvS32FLcdZpldoqjQ+keKdR0G/wBfXpjRuLjWWmyopbZUU8vKFTz4xsZmMxXnHGPCj6rS9XcKcT4TTN22h1A51NzyuAEb8ilfJQ+Meq8ZX+ha9eW6NP8Aub3iFt5N2VOu8qT5ErVIGPTcZzueo4g4hXrvBdxqirBxl6zXCvKeR5l0cjiUk+igr3SKy2Js0c3VI8qt2m2ylAAkCMDpWvp5PMpJyFCYqgopmUwebqO1T2bp8VChsSBit1VHDZvaGkWWuW7qcoeBantOQPmK+kNAuPvGnWrs5U2CfeK+bbdwBQLiSoJUFiO4M/pX0ZoNzav2bf3BxtbSQEgIWFcuJgxsdqTRtGVo6JoirTZzVFpUgSc1baVNTRZebOKnbNVEHarDZpAWkGpkk1WQanQaTAnSZqQbVCk5qVJpFIkSY3oxUQNEDQBJMUpoQaRNADmhJpE0BoAcmhJpGhJoAY0xNMTTE96BAmhJpyc0CjimACzXgP8ASftSLjh67Awpu4YUfihQ/wDdXvijivIP6StuHeDdOuerGoJB/wAK21iPny1hqVeJnTo5bc0WfMDxnoaNvLY60LwIEYiKZggJI7GvG9Hv+wiN5yKeAabfYe9LEDO1IYK45jHyqHmJJ7dKNR96jVtj2q0hDp/FJpic70p5YpLGxBqhgqkj61F1qVZxneoDkGqRND84JI61EoZ/Wi5c+vemWcmO9WgZGo75qNR+dGdsio1fOtEZtjUytqXWlVGYCqAiVpA6mjNRqJBBFVE58nRN/r2puuCfakM4NLHWutdHnhDtTges031p09/0pkhdI604po+VOPwgVSJY49qdPb5U29Onbb60IQXWdxRjHLQbb7dKJMgimSy42YQJMZqC5guCAcdd6nZ2TGCNhNQ3Z8+R061T4IXZAdp6024z0pjnGZ7Up/0KDQ7r7QLv9r/aVcanoRv3GLxTbzalMqQUqSlIUACOhHbqK9R4l1K/TwneDVG13du+wtTF+w1lKgjHjNieTIPnTKcZCaqcVC20PiCzuLu2R9ycXy3CWxBSqOXmT6HmSY9+1Xn/ABxpA+5WN2G0voWHHHi3HmAMAHOCc1KTV0Tu3Kz59e11lx18ptFMtrcUpDaVyG0kzyjHTYekU7etIU6htpvw0mBzqP4fWP8AOuz4t4YHDt7amz0xrVLh9BUXH1KcSkglJTyCJ6ZNc5qOkane8qrz9maayMpYQfDHrCQCZrPdM0243y0bLLKX2wblxbpVgpUrlR7cogH417x9mNw0rhSzQy202WeZlaW0hIlJgHHXl5TXgdvcNJbUi3cU+pB5QvlKUH4nP0r1T7G71ZTqVqvEFDyUgzBIKVZ6/hTXT2jmXDPYWFzV1pWRWZarBAFaDZ7VBZotGp0VSZVgd6soVQUW0qAFToOaqIINToV1qQLKDUgV3qFJqRJoGTJM0aSKiSaMGkMkmmoQYpE0AEoxQE0iaEmgByaEmmJoCqgByaAmkSKAmmIcmo1GkTQk0AMTXn/25233j7L9YIHMtgtPp9OV1JP/AEzXeqOK53j20OocE6/aJyp6wfSn/FyGPrFTkW6LReOW2aZ8W3MSrtJ6VWZI8w3PcVYuFcyAobKANVGT51A9a8KK4PpGyXmkY3pZCaXXt8KShuaAsBRPQUCsAzRkYplxFUhoinp2owcQd6AjE/SiSYIqmAum/SoVgzj41MrBqJQzmcd6cQYB29qGMH3oh1HcUJBFWIj6Ed6iVvUpgHvUa8VaMmCDTHtSpjvVkMGgIyPejNAuqXZhNcEgkz0zTUmz602CP511Lo89hg9RRChPWiBx61RDH+dEcJwKbFPk7b00IRokjHtTTuPSnAkelMkcSSDvRJxg7UO+SelEjeNvSmJlxvDY2yarXf8AWjc4qw0Jb6+mahu58aZwe9N9GceyDbpvvNMqEx7bGnPuIoCI6yKTNUfWfG+jC/aS4Gw4pGySJ5vT0wTWfaJdutOXp1465zuNS08k+ZQ/mOtd08JSZrjNdZNmwhQnlQQUqSYLawIn2NVRjfJ5TxUn7vwaXGC9bX9u/L3Ks+dtZUArHZXKJHUetefP3fhtkqJKyNzua9A4naVe2upNlP7x0LMDA5pKp/5s14+lRKsk1msm3hI38SlydloT7XJ4QcBJTzBM5PevQvszvPunF7CCQEXTa2TPeOYfVP1rzLSglh5tUcp9f9etdbp12bC/tbxByw6lz3AMkfKRXRDlcnHJ/nZ9LWypia0G1SKxbVwEJUFSkiQe9aluqQKhmvZpsr8uatoPrWe0cVabVgCkVZdQqpkGqqDUyTSAtoNSpNVUqqVKqB2WQaIHtUANEFUhk00pqPmpuagCQqoCrNCVd6EqFABzQk0POKbmoAcmhJoVKqJS6YEhNRKVQKcmlOKQhKVUTqUupU2sAoUOUg7EHeiUaiUqhguz4YvLdVq65auZWwpTKjtlJKf0qkgS6DtXVfaNa/cuN+IGcAJv3lJHotXOPooVyuyweleJJVJo+lg7imSKwc0lTG9JW/5U0kjeoLFMChO2affqaRAFMZEjc5p9lUwwpW8Uj0qgCXJSYNQnYzMVKSFDBqNY8sDemhshntSMT0NInPrQkgmJz3itCBiKjWI61IoxQOdetUiJEVN0zSBpbirMgSaBe3xoiaAqAOROKtGGR8BA7kxSTQpVIohFdC5RwskHtRdaBODRg9qtEMcZov4f1oY6UY2NUiGLbIogcU0RtRdKZLEKdGNjTfHeiSIV3oEy22YQMbGSarXRHi9f5mrCTtEY3qrcf1ypJHWm2THsj6CQJoZidopzn/5pjMgHPtSNT7gXFZOr2KbthaAQFKTG2D71pKXFQuLHLmN8VoY3yeLavpz9spy4cSOUrJQQJBE4+OPpXjfEmniw1hwNJi3dUVtj+z3T8PyivpHW+IuGrKzubbV9VskJJUC0F860mSR5UyofKvn/AIx1PTLrUHE6c4u6tyElLpbKCFA7wc5SYOBkDtXPkpNG+K+Ss0rxRCSQjHx9K6hjzoTJPKoda5S1vbUkJDhbJMALH59K6TS1+NbDwiHAgxKciujHJemcmSDT5R77wJqAv+GNPWVS42jwVzvKPL9QAfjXW2zud68m+yW9UG9QslYCFJeSmdpkH/0pr0q3eAOTTaKs6JleBVptc1kWr8gTtWg0qoY7s0WzU6DVJteMVOheN6RRbQZqZJMVVQqpUq7mgC0DRFUCoEqp1KxQAZczQ+JWU5qlugmUXZExzC1d5Sf8XLH1qo/xLYW/OHiEFv8AEFPsgj3TzyPiKdfYcvo31OVEpw1x+p8ctWF2La4sHEOKMDndCQT8Aa3bPUG721auGZCHUhSQa0nhlBJv2YYtTDK3GL5RqNLzBqUmqFuuV1aUsJEqMDqayNx3FACqinCTUd3f26MF5JI/s5/Ko1OgiQZBoCyQuetSIXIqipyjZdzFAFtSqhUcU5XNRrV60Cs+Wftztfu/2jatCSBcIYfBneWwk/VBrzlQiI6bV7B/SOtvD4t0+6A/r7DknuUOKP5LFePukQDXjZlWVo+i00t2KJIrMUJ2pplsd6foJrI6QZgfzpp+dA4qDg0gYyTiKqhWJX+s0l9NjUC7hpJy4n86hXfNRgKJneKtQb9GUs0F7LqFA7jNCs4rPN+QfKgY7moTdvZhQE+lWsMjN6qCLysTUZUBuY/SqCnVq3WaCtVjMXqvpGi48gCOcfnUK7hP8MmqlPFUsaM5aibJC6egoStXeprKzdvXvCZ5OYJKvMoJEAScmokt8yVHnSCACAZlXt/nVqBk5yfbAk96arXgsfcufxl/evF5fB5PKER+LmnecRFM+0lDKCG3EqjzqVsTOI+FX43VkbitUrZ6VFRtnNKL5BlgZE0aduooE1In/RrZGDHSJxRxHuaEHfsaPpg1ZDGA260UZ9aXTeiTsBFBLYkj0+tGgSSBn0pwITg0gPOCMe9BNlhKRCYqncCHVA7E1bQNogdZqm+R4qj60PngI9kZmIpj07+lPnAoeu3wp+jU+lbfReNW2krs3bt5spGF3SCds4UojvkGuE4t0e8unSxr7msNuZJQ7cr5THUBUpjO4716Fb8d6ch5SNR0i9tnMee2fDh2kGFBMYjaaPi/jTQtX4cubW3bu/vpCg2p5oQOYjmAIJj8IPwrwMssbi3izNNHrwhPclPEqPCrvgm3So+HfPNwY5Vthf1BFZ1zwbdNNrcbu7ZSEiTzkoP5R9a7ogKTUaoLakLEpWCFA9R1rhh8hmT5dndLQ4muEec3HDursghVg44R1aPiH/pJqgbK4aXD9vctnt4ZB+teqaYsrsWQ4rmcbHhqJ3JSeX9J+NWFTBTMpPTpXcte1+5HM9AmrTKf2T6giz1q1U0u+LFyDbK8dUiTHLA2/EAPjXuzbmRBrzC14MvbzTrS/wBO+7OG5BKUtv8AgrSUqIIUTy9R0Jqtpes6loq3mQXFK5uVbd4446UKGCBzKkfCvQh8goRW+LSPNn8e5SeyVs9ntXIUINbbDgKRBrgeFtYVqmmouVhKHQpSFhGwI7T6EV2Gnvcyd69CM1OKkumedKDhLbLs22jtmrCFZqgyvGRVltQkTQMuoVj0rmOKePdM4bvxZXNtfXF2Ww5yW7YIgzGSodjtNdElXyrD4v09m707xiw14za0ku8o5+XIjm3jO1ZzTa/E300sSyLzK0cndfa3cKT/APT+HHTOy7m45Y/4Qk/nWU/9o/F90D4NvplmNgUsqWofFSiPpTXR0y2MPvFwg/gZEn57VnP6shBixtENAfxuedX+vnWcdNlk+ZHqS1ujx/8AbxJ/35MhxrVr++uH7vUlB95XM7yJCJJ7REfCg1HR3lISp6+vHnFKlTi3Son3J9oq2btxT6nXVFS1bmrrd0l6ydSpIBSkLn0B7fGlLRJcvk1j8w3xGKX+iLI1Jz/Ze1t7ttGp6wze4NzzKX4BREhfQhQ6zvtXccD3y1aKGnE8imnFI5eaeUHzAT1/FXmdhfNG6Dxd5UoMKCjG9dZo+r2emandt3d7ZsJfQ2+grfSnmJBBweuBiurFKTjtb6PC1ezf5Iqm+zurvUVsP2zSV8oeKkz6gT/Oq1w48t1EqCkfxFaiT8K5fjLXbVjQnLpm7ZbumCFsFZgc/YTufSvGdV4xubpSndX1i4Uk45EPeECI6ISI/wCmayy5FjdNBp4LNG4s991XWtM0wFWoX1paJH/fPpTPzq7w7rdjrGnpd028ZumwSJbVJgKImN+lfKGoapw/cJIUyHVE/iKFFQ+PKKbQNesNHvUX2m3TtpcNnyeQlWPQCIPYnNZwz26o3lp6XZ9gqUczTsuQd968K1D7frJKYstEvLlcQVPPpYE+yQrHxrj9b+2jiDUIFja2OnpbcDiVIC3XJHcqVBH/AA1q50YrEz6wSvFC8sIQVrIQgCSo4A+NfGGpfajxpfoh/iO7bG0W3Kwfm2EmuUv9SvNRcDmoXlzeOf2n3VOH/qmpeRFLAz37+kLquj3qtDVa6rYPv26n23W2bhC1ISoIIJAJjKOvevDXby3SI8UL/wAKT+tZAQs7Dp3qzaaZfXn/ANraPv5j902pefgK5J4lOTkzuxZZY4qCJVakBhDZPqTH0qFzUHlbBKfYVcXw/esuoReJRalYMG4cS2MdDJwfSj/ZFq1Hj6nbKnowFukemwT9aFjj9DeWb9mUq4eVu4fhiosnua0nLZhC/wB0pS2+6kgdfc4q3a2Tty4WrS0efdiShttRIHeBtuK0UEjJybMQNrOyT8qcNKmMfOte+sbiyuFMXbCmXQAopO4mqyhgTAHer2KrJ3FIMq60/hY3NXUMOOq5G0qWveEjtSFm8XVNnkbUnfnWExt396e1BZSLYCTnNRxWraWDbrzqLm5QwGzClFPMN4OBk/AGmurNht0JtbhV2ko5+dDKkpkHI80EgDMx/OmkroLdWZoTvRpR0rRFty2CHy2iOdSSokicYG/v2PvV0aev9lIeCGEeIAoLXcICj5ymEoB5j/D0/tVTcYdi5ZlWrLBeSbtLxYhU+FHMTGN8RMTWo6zYWxSf2ddOoOxfuAnm+CUyB8asa5pb1jatOuraUlSuRPhIdjbfnUkDpsO/vUep3Vm4wlDD1w6tIBSpTAbTPX+NR2FEam010WkknfZQbuAyV+G0lPMokZMJB6TuY96gvnlOsEHlABnFbVj+yXdGeDjRe1QoUlpDYdcUVZgwISInurbbpWK6hX3dxRgAHlIJAM+2/wAa1W2SkkujBwUZJmbRI/FQ0STBrjXZuywjNSo361Eg4qdOwroic8g0p9qIDyyT+tJIxRgeWKqzJsECNvrRJzmnCcZEUQSP0osQtpmZFOiAodRSMbxmjbGdhSESoTsTiBWc5hZMVrJAmJnG/rWQskrUobSTRfJUUD0NMoQcZFOeuc0JOZ29KbLR6zcXBebamSpCPDJncD8P0x8KsaK1b3Oq2Vver8O3deS2tXYEx1rOQQU5NSJcKCFNq5VpIKT1BGxr4iLSkmz7Ocbi0j0jiP7PVuamlzRH7Nq1eIQhpfMAghM7id+Umueu+AteauFMtsW9weXnlp8AEbfx8v8Ao16Q44ze8OM6kmztnT4KLrAAVAAUQMbxI3q1ctobubO6t0OFBV4alIdMFCxiBzD+Lkr6OXxuDI93Vnzi+QzY/wAX6PEtE0jwOMl6JrIftVOOJUsIUkqSpSIEESCJCP8Amrtbv7P7dsLUjWktAKAHjMjY/wDEKzftbZXp3E2j6vbhxBd/dKUTPnTBB3PXk37V6Pb3n3u2afaccDVyyFp5kSIIkbDsaWHSY5SlCauh5dZkUVOLqzzd691jg9QsWriyurQEqbC0JUk8wkwJCh65iuWffXcvuPOhPiuKK1ETkkkk5967L7UrVLf7PvwGR4gU0sto5ZO4kT/irhUKkCIrg1acZ+L0jv0jjOHkXb7Ov+z+88O4vbScKSl5PuMK/NNelaY/nBrxfQLn7rrdo5MJUrw1f8WPzivVNPuIWmvY+Oyb8KX0eP8AJQ25b+zsmXNquNKzWTbL5kA7Gr7S5ruOBGghVPdNC4tHmTstBT8xUDapxUjj7bCOd5xDaB/EtQSPmaVBdHievMoZvlLbwFySOyutZRcSnetfj7UNLtNQ1B86gwu3bl79yoO4OSkQd5MV5j/tkJW6bJq4bKQUMs3KvEAO3NDagD6VsskYrljUXLo7znTLanEFDSj+LuK6nSrJpxC1qdQ4h5BQOYhcYxBBwdsGvCNU4s1zUCxbabpzlqEGfMhTivYlWOX4CtPRNX4sslqU8xYHsVlIUPYon6ip80X0V45Lls3NUbNrqTqAEqQY5kqJwd8fKub13TrlCnb5FopdmsA+K0AvlgZ5wMjPWIqbUtTuH75A1Btrxy42pZbWShTayUTkAghUdK2Gnn2mw024ptKdglRwaUUuWJuUa2mTZLeu+FrNTCXLh037jbSnFc6GkBpJMSYGT/0091wwFsm41Z51tpawS400VgkjABiM1pEcxJJJPWahuNVtkI5LjUUJSBy+F48CO3IDEfCuTUYJzknF/wBzpx51GLVGG7wtZLWfuVw8luYBeAKj8BArl+ItPOk3xt0u+KlSA4FFPLvOIk9q9G0u7tb1RFq6kNpWErUlBHLPWDE96yftrtBb6xYLt20JszbFphxtPldQk/i59lqPNJ7TWksUYK0THLKbpnHMaR4zdutV6ykPz+IkeHHVUAwOnf0rT0vR9AD7ydX1ZxUMlTJtmHVJU5zABKipIIESZA6VZ0lk3mktpatwt7kRDvi8oQAYyDgz70Nw4gsoaTa27K0kKK0oJWSO5UT8Rt6UpYt3Rqnt7KHg6Wlbot7Vy4Wm4Cm+aQCyBlJgyDMGYmge0q9U09cjTri3tkiSpTawhA23VWndO3CHGbkX6S8B5DbqKC2I/ugAfCqqua5dU68HrhYMkklapJ7metNY65Q3JD6k0/qLjt6+9pVt4qUueEy8kTCIEISVGY79Saiedfetgt7Vrx1xauVbErMJzJkqCTjp61bTaOO8hYtHC3cLLbKlZkyBE4kjrQtJU0++2t1Furw1JWI5h/h65MUtqqmFvtFddrYBxoae1duJKvMHSlPOnsAmTPrPwp0pSi8LjVowlC0+Vp0qcAGDMkifjjO1XXbxtTa237x1fOW1YbSmcQoTGIGPWoXAwjwlBl0N8yj58c6JgDt0O2KlJCf2JD7z9xaAXFvaKaJU08lpLQbO8koTzdMb1HqhL10XXb837rqfO8S4Z6csrAUYAHSKdlRbKbhtFsoMrT+7dKVc5MxKD+IY6CBipmXU3a7lVzes2KFqCylNuo8xknypQMR6kb0+ugu+zMSylJjwyBzQUgRn+db3Bthcu3C7m3SkjLJlDylD8JkeGhR7dt+lYlwD4joQ4txHMSFrEFX94iTk+9DcOlXOhkut26zPhFzmEwJOwB94qckHkg4r2PDk8c1P6Ny40pu01zwr+88F64StwczQbSMnBLi0kDBgkDPxqj/9OZ1lU3cspTDy1uFSXZMQkto6CDiZ6GsyzuF6e8txhq1WpSeX9/bodCesgKBAON6qq5lFSjEkk4AA+QxSjhkuGynNN2kaOm3jVpe3C0XbrDRynwmeZSoVIA5pj0JzgTVriV3x7a1euLjUbpxwczS7u/bcKEmD/VJkpnG5G21YBSoziKEpKRtj0rXx/kpEbuKDDiUojkRzCTzRJ9s4rcGrW50BqzcvNYU82k8jbZbbZQsTy7SpQ23g1hQSYPWmIIOwHvVygpfuFbXRPcXL1y5z3L7zzmRzurKz8zU11fqfZ8MW1m0gpg+EwAo/8RlU/GqoEZOR2qVDZdcCEcpUoEgTFU3BdsSUn0WXNc1VxhDCtSvAygQltDpSkewECqHMFJXzyrmG5OQe/rWxYcN65qR/+n6LqV0NwWbVa/yFa139m/FFha/e9Q0h+2swpKC66UpgkwPKSFb+lZPW6WD2OaTf8ovwZXzTOBpxvTU4rnKLLQkVYbHpnrVdneKvNJ6V0p8HNMJAjPapIk9u1GE42owMY+tS5GdEXLJ3FPtPpUsYxgdqaD3xSsNpHGTIx+VE3hXv3ohiJmib/F60WG0kGxJmYrHOCfpW3mFZMx0rEMnO3pVR7GlQJ29e9NOTT/lTenSrKPS0LqQO8oUOUHmEGRtkHHrim0lDT6Hi+grLJQ+UgkczYVC0/wDUD8DWtfHStMufuzmmm+UgqU4r7y415So8kRj8PKa+OWBtXZ9fkz7Xto7z7L7xy84fuLFTTLiLZxSSlZIPIvzDocSVfKulabdf0J6xTypeaCmUnmIgp/Adu3Ka5PgJnRi9cXFkhX+9JStLdxyrLaRjlBzsZ9ciuoauLdnWnmGnbcC4bDxRzCQpMJUYntyfI19NpbWGKbPltW/86XFGB9pFsOIPs8cumG+V5pCbtuTJQQPMNskAq+IqL7MdT/aPCjCUhwqtl8shWAkjmAif7xHwrd0pLDn7T0xxTK0BxRCcZbdHNtO3MVj4V5r9l7i9H4i1PQruApJW2eYwCUmQR7grPwq2lHIpfZMW5Y2jvOPLb73wxeDlUpdsRcpBAwBv/wBJVXjyVeWQCAN+sV7mhxt5HKfCW2sFpfK7/l715wNNJ0962aLFu8guWjqY8rkL8qk9j5U965NdpvI96OvQ6lY47WcqpRA5kKIUnIPY16npF4Li3YfwPEQF/MV5SpPKhXQgwRvXZ8FXRc0wNEnmZWU56A5H61h8Zkqbga/JwUoKaPVLF4KbTBrTZXXNaU9zI963GF7Ca9xniGo0vO9eXfbZZhV3pF7ESlbKlgCZBCgM/wDFXpTa65X7VrT73wc84lMrtnUPCOgnlP0UaE+QPFX2W3mFtvJDiViCFmQRWH+2tK0xSmBKHkKKVNsMQQfoK3s/CuS1/Qbu81l64t3Wg2sJUAsmAYAOwPUE/GpyWujSFPhlm34jtr3VGW2WHwlRCPEdITE+mZ+ddD0zXJWvC7ra21vXKZSoKhLeJ7zzA/SuqUqZJiSc1WNuuR5EvRj8RIK1NrSkcy2XWZnqAHE/VB+da9u94zCHU/hcSFj2Ims7XCE2KXz/APx3W3vcBUEfJRo9EURpzbSsKZKmSJ25SQPoBTT/ACJauKD1oNq011T1oLxLcOeAVKTzx6pz1rmGr2/WofctAsLZPrb+J9XyuuxmkOUDAAolC3djhLaqM7h9zVPEfVqqGhISGw2hCAkAnogAdaqfaGpbmnWCipRQ24tITOBzAEmOn4a3wc1h8aJ8TRJj+rdQo/Ij9alqo0EXc7K3B7602DKG7dy5UtKmfCbklR5ubYZPsKtalbXyUWrd22/ardUtPLcI8FI8wgSozHqaxuFlN/sy6S4HS4FHw+RQEKIGTIMjfapvDSkqIQMgzGKcYWlJG7nX4shWtSgAOWAkJ8oGRM9N996mZWu4U+kuX6rp1J8Nu1a5wuZUQfMCB1MA9aicRzLUoACe2Ip1P3Pjh4XDqHwOULbVyKAiIBERjFE1aBWTP6Jq4sy5c2F0m1ZQTL6SgIG5gK+cDeqST+6Q3yNwCTzR5jtg9Ix26mkWlLJcVzKgiVqk5MnJ74PyNTMtqeWG7ZC3Vq2SlJUT8BWLyRivyaKUG+kFY3t3YuFyyuXbdxQ5VKaJSSO00FxcPXTviXT7z7pEFbrhWqPcme9dBY8EcU3wm14c1RSTspVspCT/AMSgBXQWn2QcXvuKSu1s7dM4W9dtiR35UlRHyrhz/K6PC/zyJP8AujWOmyy6R52ROJilywTNe0aZ9hOpuCL/AFSwR/5DbrvTYylNdRpn2Gaa2lYvr65uudISFIYQ0UQQZBKlxtG3U4ryc/8AVvxuHhTt/wAG0Pj8j74Pm4p5iAJUT86hKJHmUAd8mvrfTvsc4Wt4+82tzc8sR4t0r/2BFa2m8A8KWCyG+GtMUBkKdtkrjPdwqNebk/rzRq1CDf8AsbL45+2fFv3ZxSm4S4fEEoSkSV5Ix8Qa2NP4M4m1BIVY8O6q82dlptV8vziBX3NZ2VvZI5bNhm3R/ZZbCB8hT3rYcYUFJ59sFIV17GvKyf8AUCcnWPDX93/+GsdBD2z43tPsd43uinxdKatEGDzXF20iPhzT9K6my/o9cQXK1Kf1XS7dkqMcqlurAnEjlAn2MV9LhCm2x+JtPY8iB+pq40pLiJSoKHcGa87U/wBb/Iv9lR/0/wDs1WjxR/k+fLf+jrZMhH7T4ju3Un8Qt7ZDYSP8Sln8vhXT6H9hnCdmoOut31zzJP8AXXSVAhQg/hQnoe9eq3qT5SkKnOUhGP8AmomHmyhCS4krgY5gT9MV5mo/qb5PPj5yv/Tj/g1jhxx6Rx+nfZdwVp5Bt+HbFRHV/mf/APWVV0en6Npmnf8A47TrK0jb7vbob/8ASBWpy03LvXj5fkNTm/7mST/u2aKl0iFck5JPvXHfaswHeB77GUOMLB7Q8j9JrtSmuZ+0ZnxeB9aGfLblzH90hX/trX43K46vFL/3L/kq7VHwZco8K4db/srKfkaiq/r6PC13UW/7Ny4n5KNUK/eou0mfPPstM7joK0LeAPes1k1oWxAitr4OeXZcQMCpKBJ9N6mAAG0jes7FQIBMxvmm5YzBnaiI9RmluPfFAUDEjHWmSJUdqLeSevWmR2EU0JkyvK04f7pO3pWD6RHpW44YZeGPwGKxCIraPJKB+BpEneIpyaY1RR6Lpr5tLxt1Ckg5RK0BQhQgyDIO9dwzqhRwS1etpAeQPurpDaVnxUpCELPN0gAHrmvPG1SBvNdVwgF6hp+vaMFEuPseOyD/ABOJO3xPLXzOCck3FPtH1OsxxaU36LHBV+2xqbjbaUodebBCsZWiTiAIBBOPQV6beXyfujF794YAZUl1SNzykQrr0BPTpXitvqdwhVtesotW3bTkgpaCFrEEeYbHaD7+tdhxJxtfaapqztrSxcsrq2DqFOhSiUrmRhQHf6V16LUrFBqbPN12meWacF2d1fu+Dqto/LiQ8lVur92oz/Gk7eih/wAVeX8beJoX2k2eqMqV4dwlLilEQCpPlUmIH8P51mP8b8Qv26GnL5ACFIWOVhElSSCDJHp8ZrneIte1fWF27mp3Kro2yipseEhEZE/hSNwBXRPWQycR7Mcfx+TG7k+D3BXE2jELjV7MnCxHmkj2PoKwtZ1ct3y3tGtbW/S4kOLuWXOUApMlJEGTHr1PavNLZYIkbHY1o6YkOXzLZcLaVKgq3AMYx9PjWctZKb20WtHGP5FvW+ZWovO+GG0vw8lMkwCPYdZqxwfdoa1Jy35wC6iQJ6p/+TXr3C3C2lM6LYLvdMt3rtTKVrVctJcUFETHmmImIHaunt7Zi3AFuwyyBgBtAT+VdWDQeOfks5M2ujKDxpHF6P4vNCULI6ACa6a3beIENLHuIrWHeaId69F8nmtlVtlwbgD40OpaeNR027s3VBKLhpTRPaRE1dnIBopA7UqBM80tvsoQkTeawtYO6WbcJ+pUfyrUt/sx0FsDxXb9/uFupAP/ACpB+tdoXBQlz0qrbG2eT/abw/oug6bYjS7QtXLzxlSnnFnkSkzhSiNynpXm65rv/tp1Nr9u6daqUZZt1OQElX41R0/8uvM3NQR/A08rsYAH1M/SpbVjimyW6a8e1fYG7rakZ6EggVn6C/4qXFSJcCHvipAB/wCpKq0LL7zdJW8lFtbtoUEhy4fKQpZ2SISZMetZTdm/pN4LdxHI8GlpKVJwDzBQGD2UYM9KSfJp6o25pT8KzgLpe6yB/dSBVS+W1bcovXnPMCUgqUoY329xVbyaZtuPIaALq0oB2KjFZPEVwy7ot0hDqVKhJHJ5phQO42qi3d2gUfDYck9QhIk+pJrVbtW77RrhxAI8RhzlTg+YAiMb5FS5XwCVNWYHBNu5eXD9q0ElxxbYTJgAklOfiRXt1j9hepPo5r7WbO3k/wDZMuOfRQRXhfAq1p1h0t5UGFLTtgggg5r7pbQHgHW2wpK4UlXh7g53Ua+H/qr5rV/HLHHTy23fqz2tHpseS5TR5Lb/AGG6A2sm/wBbvXBA8rAQ1HzCjW7bfZBwdbFPNp713I/FcPOkn4IKR9K7xfMklPMZ2jxIz7JTNTGVoQAhRKcGWyZ+ZE+9fBZf6g+Sy/uzP/j/AIPSjhxx6ic7YcGcOaekC30LTW0SMOWraiY2Mrk9a6lhhu3aLbCEtI/stjlH0qFLLqTDbQSDvHKn9DVtpvlTBJJO8ma8jUarLldzm3/qW6XRWFqCoKX4ZIMzySfmTVpCUhPkAj0qNFqOYFfIqOnIPzOashEDAxXNKTl7slyIHENlQ8SCYwCd/hSQ40CEI37BJqVy2beKStHMUgxnvRItGk/9mke4mqULS7FuXsjUrl/Enl/xED9aqtNc73OlAglQkIT3P8RzWohoIEJED0xR8k95raGGSXCJ8lEIbmgeb521IgHmEZEj5VaSinUkxWi09K12RvM9FmEpIBSn/A2lP6VIliFAyskd1GPltV0INNy9Nqb08pdh5CoWgr8SQrtImi5PLhMAVZKIin5R2prSNKmG8qchpBBNW+Ue9AU+lTLRbfYKZTUmsTjFovcJ640nddhcJHxbVXRrRtVS+ti/aXLQHMHG1IjvIIo02KWPPB/TRopcH588ZNhvinUwNlPqWP8Ai8361jV0HHYI4muFH+NplfzaQa5+v3nE7xxf8I8XIqmyVk1o2xhQjes1retC1UCY6VuuqOea5NNGNztUnQGoUHsakk5JkVJKH6/503ad9qRO3ShO2em9ADkmN/8AKkMdaYqzTTvmD6GmhMO4I+6uRulPyrGma1bpXJZu5yU9PesicVtFkpCORSIxS65FI4E0FHatrhQNa/D96rT9ZsrlC+TlcCVk/wBk4P0NYiIKZA2qcZQqO1fL9Oz6+a3RaZ1nETeio1EWxYesbkulTz4UVoQFZHkgyM9IiouLHLfU9BtryyU2U6e792X4YIHKsAhQB2EiI6bVR4qUblywvJDhft0kqRkcwwoehmcHvQ8NtG8Z1DTYKk3dtzNrKIHipzE9f8q2u5NL2cCjUYyvlHPlRAOZqreLX4Cigme0xIqZREGDOATv22qq8qUEjNEFydU1cSTTdQKmGpH7sAgqAzNdbwm0u94k0y2bP9c8lKpE+TdW/wDdBrhLBhTaHUDHNKk+pr1f7G7Q3HEgfIBRZ26lbbKVCR9CquzHjU8qUfs83LNwxS3Hu4cz6UQcFVQaRVXunzhdS4DuaSn0jAIrPKzQ8xnegRdVcZoFPk7E1T5qXNQBa8Y1GXlGc4qCTQOK8sDrQM+e/tp155jjy6ZZaZc8JlpMrJJHl5tgR/arhbLWrl/UWG3ltobWsJIQgRk9zXe/aFpVpqPGWq3NxzE+IEGDA8qQn9KytM4dYdfA0ywduHh0YQt0j4Cawl+7s6IZIqPJqaZct27Btb5lT1qVlxPhr5HEKIjCuxgSKz9ZuFXGoNXa+VH71KUoTgIQfIEj2Cqv6jY3mnPJa1C1uLZ1SecJebKCQesGsrUkqXaucs8wBKc9en1AquFyJF1J+dZfEWnPajbsptlpQ4hRyokApIyMeoFaDCw42laYhQCgfQ5qUGraTVAuHaORa4TeVHj3QSr+6jm/Miut0K2Gn2LVtzlaUEgGImST+tEDFSJUAfapjBR5Q5ScuzhuEVqs+KrWNwVoOY/hPofyr7r4Pd+9cI6I/mXLFhR9CW0z9a+Ec23GCIKkkXvSZAK/TOx6V9x/ZWvxuBNK5pCkJW1CgQQEuKSMHOwG+a/PP660/kw45Luz19FKkzouU9BT+GcVa8MjAp/DyK/O46J+zu8hXCB2oi3MQKshuKLkNdK0HHJDyFdDW0ipPDz2qZKe9Hy1049HGMeEQ5kHJABO9OETvU3JO9GEVtHSW+uCXMgCe1IJk7VPy03KATWq0zQtxFyZpFPxqaMUuWK0/TIW4hIhM0LJS6gLQZSdiKnA2p4pLTW7HuIijrS8PO1SkUQTitVpk+CdxDyUKk5qcimUPSlLAkNSKqkYqMjlUCciatlO9AtE7Vl+lbalHstTPz4+1K2NrxQlCkkf7s0nP90ch+qTXH12f2w3Dzv2j6/bv8vLZ3txbNQI8geWRPc+auNAJMAEn0r9W0yaxRT7pHBldzbQ6MGrrBgYFURg1ZZVmCa6Uc80ajagQNs/WpgZBA+tUG17HpVhLmN6KMyckEZAIplL9qhS5nf2pueYgjeigsm5p7+sUQIJGRNV+ad/aiQoj3BppCbJL0xbLB6wKyTvitG+UCwB6is41aBDz1EU2YpGdulMevSmUdbauc6MiMVZCoT2xNY9u95hBwavpWTgV89OFM+vTs6/TFuapwpqdmw+6m6s0i6bCVlPMnPMgwcjcjfKhWBpOrPsajaXDl444Glgjx1qWgDbMnAIxirvCGpo0rXWXn1clstKmnlQSAkj09QmrK/9iLNTxcGoalzLUUobCm0ISThOSmYn1rSEVJdnBN7JONXZlcU6d+zdYu2ECGwoLbTOeRQkCfTb4VjlIIjEHFdNxXqml6iu1Uw3dF5FsG0kKTEbgL6ykyMfOuXUr8I5k80xvSap8GuKTcPy4DS3cKcYZSxygKkrADayDv5j9K90+xvTPummaleKyp98NJMg+VCRsfdR+VeLWHDut3zjblnpmpgdH27ZUZ/vGE/Wvofg9C9H4R0uyukrNyzbp8bEws+ZQnYwSR8K7tLlx43c3TPE+TyxjwpdnSmAMnFRqWOlZD2sIglLSyPUgVl3PEikKIbYRjBlc/oKvL8zpMXcr/seE88V7OoK6bmk4rkzquq3bfNapQmduRsqPzMiprax1R52b66cbaH4kB3J9IFYv5zHJ1CLZD1H0jpiY3pcyZ3rOa+7MgA3CP8Amo16jYtnC+Y94NTP5ZJctIPM2XxBow0JkyKyzrunoSpTt7asNp3U6sIA+JNcrq/2macyotaQ3cak8DHMhPht/wDMoT9PjS/WymrUuA3yo7JOgaOLlbytOsvHWorU6plJWSTvzRO9YPGn2g6dw2U6Jpa2ntYKOYNTKGBEyqP4oyE79TA38p4h431K/cV9/wBXbsmt/AtJKh6Eg8w95Fc23xVouj/vLDh23vb4ZD+ppSpIPfwxlXuVRT026ct0ujbBhlkf5dGrd3j17eO3F0+q4unTK1rVKifX+XSoLhK0tq5kkQOaCI2z+lc/ffaJxHetuIdvAgK28BPhBA7JSiEj5VS4fvn7zUHhe3LrqlNyC4snrt9TXqrIukd/iaR0mlrCbVKCY5JRnfBI/IVb8QExJJ9AayrJzkvLlvMFQWPiP5g1pBfLWy6Mmw+dWYQr6Ug44D+FAHqr/KuT1TXb23v32EqShKFEAhAJI6bz0qra65dqu2ud1xwFYBSVBIInYxUb1dFeOTVgcRlTWuvqAAUFJWP+UGvt37Cn27jgpaG+XlYvHEAJKYEhC48pIH4tt+9fEvFn/wCTSvqtpJPwkfpX2D/RmvVXvC90lfMSEW7skkiVIIMEgf2NhPvXzP8AUeHy6fj7PQ0rpHrvJS5KnKaaJFfD/pkuKOrcRlO1OEVKE5p1QhBUqEpGSTgCumOlsncRBNHFZF/xTw9pyiNQ17SbUjo/eNoP1Nc9f/a5wFYA+PxPYqA6sc7/AP6Aa2x6Kb6ixNncctPEV5NqH9IPgK0nwbq/vIx+4s1D/wBfLXOah/Sd4cbE6doWr3B/8ZTbX5KVXZj+Lzy6gydyPfIpozXzBqH9KW8KSLDhJppXRT96XB8ghP51zWo/0muM3gpNtZaJag7KDDilD/mcIPyrZfB6iXaoXkX2fYhFLlnFfC959vf2i3QIGvhgH+Fm0ZT9eQn61hO/abxndqm54k1l484UUovXUIUkTKSlBTg46iIreP8AT+R8yaBZEfoIE8u4xWVfcS6Dp5Iv9b0u1I38e7bRHzIr4OueOtUfaT4um6Y4tMAuXNubhSjG5Lylyaa24q4vuGXVaapDTTKStxVjZMNBtPUktoEARvVw/p6S7kN5In2479ovCKcN63bXRzizSu5J/wD6wqq9z9pOjtIKmLHXLhI/iGmutD5uhAr4Yu+KeJrsEXOv6o4knKVXbkfKYqLRNQatNSXd6pYI1hPhKQGrpxQAURAVIyY7V1R+AjX7ifLH6Psy/wDto0q3kDT1NKjAvdSs2M+weUr6Vzeo/wBIGzaT5f2AxvBVfv3B/wCVtiP+qvlhu7L/AA2rR0WWlI8N5V4b1xKUXKgER4QcJEpzPIBJNa+sLf1vV7a/1LWNGtF3lp4pLAPKxyk8rSkpSSlZKRjbO+K2XwenX7g8v0j269/pDvKSv7vf2BCQCr7po7zigJj8TjyBuQMp61zes/bfxFcWjo0+/wCIA4pHkUNPtWEcxICSfKsxJAwczXlOmOsvW7Ld3xRf2f3ht37y2GHFobUkgtpMK83MQMgeUxPpZ4KttNtdQstUuNWYdumSXFWhZclo5CVKUUwYPKcSZ9q3Xxunxq1G6Eskm6Ogv9EdfuLq/wBacOqa864txbVw+kt2vMSshapSkqkmQIEk478vdOOLNwi1JARiEp5Ug9RAx8q3HEvXrLrFn4jnivAPXTiyEmBKoQdvlJrcToLn7LF0tPNbtQ0bpxBDfMRMHlzXbhi9vJU8bl0jzm6tLpVmq4umVIQkCFLEb+hyaxyOXKRHcV6LxQ2q70P948gugJS4uPKSCDI6xFcDfWztjdKt3ykqSAQUGQQeoroi1VHPkxuPoFtdSc8R86ptq3k1LzTFUYOJOHPkKPxDH54qsFfOjn4UEtE4XJx8KlQR6T7VUB9KmaOc/SmkS0SXapbT2Jqke29WLrZNV5oHDoR2yKXtg0jnakKCjZsRMJVuMCa6jh/h7VNaVOnWylN7eKoFLc9p612en8LcO2T/AIrdm/cr3AunQpIP+EAA+xxXUt6pcBKUNBACcBCU4jtAr5LJ8phc65o7cvy8oxrEuf5OUsPsr1N8D71fssz0YZW8fryj610Vl9iWmuqSvUdR1VSh/C0pDQPwhR+taA1y+bSQXfAUdlFSWyPhvVS84kUmBd6w5gEfuVKz7kx+VbQ+U00X+EWzzcvyeVr85G9ZfZnwXpSAp3TQ7Ayu6fWufcKVy/Ste2f4a0ttQ0djTWSDBTapbTB9eWvOWrq1uVFxjT77UCARzqStz/0iKjd1hy0yRp1iBn97dMsn/lWsE/Wr/wATyZFWPCcM9dkn1bR39zqpuFEqZeWOyQOUfWql1eteGUqbUAoRBI/nXmd3xhpyZ+9cQWIWBlCfFdPwKUFP/VWNcceaOmQi8v346C2S2D7KKyfmmuR4NZmv8O/swcM83xBnpjlw0EQ6tBB6nFUjd2rSuZPhyOpTz/nivOW/tA0YLBc0592DkPX5g/8AIwk/Wti1+1TQLP8Aq+G9Kc/81brxB/8A2JNKHwOefM5JC/RaiT6o68a8u4cDTLlw+5sG2jB+Sc0dx+20W67hejvsW6Tl26Ibz0gLgk9gJJ6Vzdx9vjjVuGdOsbW2TH8DSlj4CUAfWuG4v+0q94kQ0L51668ElTTa20NNoUf4oSZJ9z1rvj8DjS/PI2ax+NyP90j0O+f4gQ1zLsLizZJwp9vwQR6BUGPhXBazxg5bLKfHcdXJ/B+E9/N/KaxbbjV/7i5bu2pdeUIbIdVyg9PL/nWINL1fUbguG0uXHHDPOtBSD8TArbF8Rhg+rOjF8bCLubLeo8T3V86FLSmE/h5/Py+2wqhcao/cJ5XnnVI/sYCT/wAIgD5GotT0650x5DV6hLbqk84SFpVjpMExVOvQhgxwVRVHoxxQj+1E6rlZgI8gG0bj+XwioKVKtTQVXtDd8LVrZXdXJ88frVGjaWW3ELT+JJCh7imnTB8nZuHw9SbUTAWkp94P+Zq+VgDfFZmpqTzNOIyOeROJB6/UGraXZQCO1dsejhZXurS3feLrjSSs7nlGaZFuy0f3bYT7YqZSpMD5VGpRG+KNqC2zE4mALlurrylPyM/rXqX2Rfand8FaStq2s7O4LzSW/wB84sEFK1R1zhRwIry3iJaVoZ5VpJSpWAe8fyq5wtr+p6VaqZsNSubJlSyo+C8W5VAzIg9BXDqMMMtwmrR145OMeD6R4f8Ats4nv9esBfaVbp0dT4S+5Z2L7i+Q9RClZ64FaX2pfaTq1zaWdvwY9f2F0l0quHLq3RZpUgpwAXyDMycR+VfOd1rz16kjUNXcuf8Az7kub+5NZir/AE9tXleRj+ygn9K8/wDwrApqcV0a+Z1R3t/xFxlfcovOMFsAgJX/APXJk8xyUNLMdMBPSuJ1Zdw9dupu79WoqSf6/wARa0qkA4KwD6bdOtUXdWs5wXj/AIUfzNV1awwD5GHFe6gP512xw449JEuUmTeGeiB2/wBRWsOGNXUNPV9xUgaiR91JH9aSARGZ2I3HWueXq5P9XbpB/vKJ/KK7zgtt7irSh9/1h9pGnuBtq1ZI/dpgQrM75G3Q1tBRV2YzeRNOPXsoHgjWEtrW9ytIbUpCiSEhJSSFJlUSQQcdY61VRwwN13TxH9kJx85r0D/ZOzwr75qr85ANwlMz/hSK8i4tau9M4gv7By4fKGnPKFulXlOUz6wRSb+ilbO00vgvhy4s1uanxA5ZXTZy0ttJ5kyB5TzAnedsVl3umcJMcHNPMajeK4kLikqYWhCWQjxFAHI5p5AlW8SY9K4NSioyoknua6C90XTLZdqE62y4lxvncKUzy+mCe+xzg1y+CTluc33fr/Y3U0lVGybnhTT+IW37Ri4vdJSzJYu1gK8Wc/1Z/DGN9yTkACorfX9CZ4Y1TTXdItnr27dS4xf8y+e2TKTyJkSfwkTInmMzXGOBKXFJQrnSCQFREjvQ1q4Jx2sFNxdx4OzZ4xbtdU0jULOxt2X9NSAhKGEhLhiCVRBz06jeaTnHTq3NeIskNNaurndYYUG2gRzBPlgmAFHrkmTJrjKVWS22XFXxJJS0jPeTQqvXD+EIT7J/nVWlT3MRObp4/wAZHTAAqMuLIgrUR70FKkAq0+HHkW+tWq3QC2VhKidgDifhM1mUTY5nEjuQKBrhnsNv4aXVMjlKWzEJUJBJzI3q5c3L6LM23juC15wstcx5ObYKjafWuX0y5GsIUWbr7rqrLcLlBX4gxCoB774MTXPcR67fXTKbO7Z8F5Bl2McxG2Dt3p7vR6a1MVHlHdaa2lQvXD/UtBIQk7lZkkk99q874xJOsqJ35BJ7713vDPiJ4TtVPKKnX1KcUTiAPKn6JB+NcFxhjWD/AIB+tJfZzZ571ZiDepEkYqKjG+KuLONomSace9CKeqM2GP8AU1K0fMKgnO29Tt71UeyJdCujKkztUH51I+cp+JqIGKH2EVwLIpb7xS6elN70iz1e5+020Kv/AL3UF90tWLSAf+IrJ+lYt/8AaM27IZsr10jANzeDl/5UISR/zV51SrzI/HaeP/iZ/pMXtWdVd8bX7zQRbWlladyhK3Cf/wCxSh8gKyXNf1ZyZ1G5QD0bcKB8kwKy6VdEcOOPUUaxw44ftijTtLLVtcWr7u1d3pSRzKyoJJ2knA+Na/8AsFrzduu4vLdu0t0J51uOuBQSkbkhHMfpWn9kOqotNbfsH1crN43IJMAKRJz2HKVfIV2mg6TYaQ9cqQ/cXdu+0Wl8rfOhxPrygkncTPU1044Jkzm48I8ta0Sy5+V3VS6f/wDEtVr/APXyV0WkcKaE/bqcu3tWC0qI8NTaWlHaMQd5xmmeeTYOXNs4u752T4aFeOljyxg+USehzO9WuHbxq91AWbAbbL6AVQ8655k9DIJ2KtprunpYKG6Jis0m6MDjXTtFsWbb9kqdbuCohxl1YUrlgQowTBnEda5StPiFRVrt8HVFSm3lNj2SeUD5Cs+R2rzmjqXQFEhPMoAkgTkgTFGD2SakS08qOVpRnsKdBZ0un6no+mELtLBxTwEeI4rzf5fACrTvGhaSfBsGUq28yiSK5T7rdET4Z5e/SmuLJ5psrcgQYiZrVTaVIy2Jvlkd9dvX149dXKuZ51XMogQPYDoPSq9KnSJMVgbjUqJSSKuabpz18s8g5GU/jdVsPT1PpToCjVrTbF3ULoMMRzQVEnYAd/8AXWty/wBLat9Gf8NAC0cq5UkFw5gknoM7VsfZzpD+pNOMtNOIK1c6nQ2TKBAEbDcncjfEnFPa7ondxZtWn2d8RajoFs9bIsHEuNhKEm55VEpIEeYAYIHX51DrvBWv6Aq3Z1Syu0F0ANOMAOJcP9kEA53xg9a9o0zSk6ZarN3fFamk5aHKhDRxAgCQIO0n512liwy+y2ltsHnbKkLTnxI6gjeuqLOSTPmmx+z3iC9ZL37OdbbJgKu7pLCj7IKgfpFQX/AfEFg0VL4fcfQnPOwlt8/9JJr6IXq1nYvOtavYvsKAUhDhHMnm6GDifT8qxte43Smx/wBzsmktpJJBH4vTGwjvSnkjEcVJ9HzBriVCyW27bvWzrbgJaebKFAZG3xrnq911rW7LWFPW97ZtJZcghpSi4k9/Mcz19K4TUtEtmHS5p1s2tk58MgqUn5kzXNvWR8M69rgjhacZwK3E3BLSYS0lYwShlCdvYCms7t9u+a5XnTKojnJmntoW4zmdOvn4LFncuA58jSj+Qq01w9qzu1g+n/zE8n5xXVN3UOtuqUFDZWZiY7+orXbvEQCVJHxpUiHN/R5vqul3mlONovmg2pxPMkBxK5Ex/CTXpX2Gp5rfWgQFcy2RAydnOlcxx+sPN2DgM8oWkn5EfrXK213c2ocFrcPMhwcq/DWU8w7GNxUs07R7txlxpp/Dds6zbKautWJ5AyDIaPdcdv7O59K8Kv7y41C9eu7x1Ttw8orWtW5J/wBbVXqRlsuuBKSkdyowAO5NAJUR0qtXdg/araDqRyup521gylae4NVaBipUqmbYW5HLy/OgCGlV1Om3BEwgD1VTL065SfwJV7KFOmBTpVOu1fQJU0uO8TUFIBUqepEOlKY5Un3FAyKjZ/rkT/aFO46pYhUbztSYnxByiTQI1bS4+7aq482VJdbX5FIVykHtsRXW3i9N4l0+3fu1JttQbPIAVgFXpJGR1HxrhrBXNdkqa8UrMBsz5lHpjPevR+H+HhZMNu3ikm8nnSzzjyAiJIG/5UNezbG23Rauls6fpTA8QN27CA3zK3gCPnXmGtXqb+/cfQlQBMDmIkjpttXsOvM8umJLFs0+rAWw4MOJ6gdj2NeTcS6exZXqXLBRc0+4SHWFnsRlJ9QcfKih5uODIok0NOKaMCVPpRDbFB0ox2rQzY85qdvpgVAk5qdsSRHaqiRIC4MrqOKJ1XnqPY+lD7HFcBTtQk9c0sRikfXFIogpUqVYmgqVG2046pKW21rUo8oCRJJ7CpXrK6ZQVvWz7aBupTZA3I/MEfA0ANY3TtjesXVuYeZWHEH1Bmu1uftGuFqK2dLtA4ckurWsfAAiuDpU02uhOKfZ0F9xZqV5cqfUixbdVA5k2jZUIECFKBVsO9UbjXtWuG/De1K8U3/Y8ZQSPhMVm0qblJ9sFFL0XbV60ba/fsKcdn+1Arb4aRY6vr1rp6m02jL5KS8U+IpJiRAlIMkR8etcvViwuV2V9b3TX42XEuJ9wZpJicUz2D/Zzhphx5JuL9ZQAFpbU0kCPdKlCatWdjwu7bpfY0119Cp5VOXbiSSDGQnl7dqwbzXtAXcvXCdTbT4qRKU26yox6xH0rOTxPods0plBvXUkkyllMZM9SMdq0g0293+hGWFJbDQ+0CzsDw4X9N0+3tHrdxKi4yTzFJPKQSSSckH4V5cpalmVEk12eq8YWlzp91asWLpD6SOZxwCCesQdsHeuKqZtXwPGmlyKnBg01KoNAlGcTXUcNvNJ0h1TziW/AdJK1fwhQGw7yk1ytPTTp2FGvqOovao+La1SpDClYT1VHVX5xsK904DsrO00Lxbp1arK1SVuKkjnVykIbSf8a0QK+ebZ4sL5kmFERPYV6fwvqTZ09DV1dOpbch1LKVEhSwI5uXaeknPvtSc9vIbNyOwutS+9XNyLpx5TdwQF8ipVgyk5IBgxg1u8NcS3GlXqEh1a2EFXKkqwgqiTHw2rjULSXEKxyznPSrF6tdklxRKktrlYUodOsGsfLJcj8afB2Gr8QsOahcJ1a8bTbuOrLjqk8yASM4Hyrz7U12zTqvuWo214FSCWlg4PoDI9jTXl0xd8v3lpp8DbnSDFc1fpat7pKreUIP8ADMxUvNv7NI4lAk1AgWJJSorSvy8o29Z6VEjUkpaWVDmxAM5B709y6QD5gVJTzlIz5TistaEKWQk8p9NjWUW0a1YVxZq1J4OWNu666qedtlBWoq6qgZz/ADqTTuDNWuLpBesLhtoEk85DZ+pBrd4GSWdXaVPKCVQB1BEV6SVCMV1qbaIeFM4NjhF1P47dgJ2AcXzwPmav2/DbjAEPMI9OUq/kfrXUKnMVC4hUdfeiw8EUYGt8M2ms2LNrzPJcQ54hW3BJwQRtgZqla/ZppaDLxuVY/Ct0H/0gV6npFlaPaCk2zzb7hILpSoHzdUmNo7VAWClzkWkoO3mx+ddMMaatnLOex0kcI3wRoTKgprTULWnbxHFq+hMH5Vs2uk21s2UW1rbNBW4bYSgH5CunTaJAlZHwrM1fV9I0hoLvbhltJPKCpe57RWi2oy8tmcrQNP1C2VZX1m29bqVz4kFCv7SSCCD3jcVg6t9lOivWrztpdXdhdhPlbIDzSvXJChicya3zxIlcfdbcJQRIUs8sj0Gaq6hxDcraCUITMyd9u0xWcnFiU5NnlWp8Mp05wsqt3fEB/G6fxe3Qj51njTiheEEx3Nd/q2qXF0yWnGEIQDPMDzenw3FYpZLhIyOp7VO1ejeL45MRFqsGSI9KsJtwlJ8hkda102o5QADAolMobQS4tKEDMk1VBuvoyBbKWJyBWbqemoLLjkELSCrmA365rcudSsLRpS1LW8Y8qG0kk+5OAK5u/u3tUTIAYZnDaTPzPWs5NI0jFsxRvUiUA1bFulKRCkydpO9XbLSL+8IFrpt48TsWmFKB+IFZWbRx12ZIbFWtNc+537LwAPKqYPpn9K2v9kdbII/Zb6VDdKuVKvkTNZTmnPWOpstaxbv2jJUObxEFPMnrH8xQhTSS4PRNFstNt75WuckIcQHiCfK3gkrA9QfhnvS4IS4/aXepvkqev31OE9OUEgCPQ83wjtWTc/tpbqH9M1G2Fty/u2y2AOXtsQfefaK2NEuri1ZQy7atMhIx4K5TJyYTAgTNVJroeOkzoLpKlMlEbiBNef8A2hsMWum2DCUpCkLIaA6JCYV9eWu3vL19TY8M8h7gVx3E2lK1G6RdXtwtKG2uQJIjYkzzH37UJ+ic0kzz2nG9IxJjamoMSRJogc7VGKMbGrTJaCFTt49KgTUyNqqJnIjc/EaAn3o15JoDvmKZSFPakaacZpEzSGRVucPa03pbLqHGOdRcQ6hY3BTMgwRION5GNqw6VZFnVjjF0hwLtQsZDaC4eVKSIPMY5lGJzzDfaqWocTXV5YmyLbSbXww2EqlSgByweY9fL9T6Rg0qBUhUqVKgYqVKlQAqVKlQAqVSsBKlkKEyMVrafprFymXLq2txJH7wif4ehI6E/I7U6E3RiUq3L20tmnAi1ukXCFJ8ykt8kHtEmsRQKVEHcGKQJ2NSpUqBipUqVACq+m6fhpIdICUgAdgKojfO1KTNJqyoujuNM1e6DIPIkGNyqRPetC6vri8UBcuoWgbJQIEj8/jXGaVqSrRxtXRO/qK6OyUh5hDjRPhfw+lcU4OLOqNPkvtrK0kKEVUuUEHldyDsrv8A51abWADByBtVR+4iQJI6jvWStPgtqymgkX5aUZDjZ/L/ACFVXllLih8qmupWS8gEKbE4yax7q8cRzIWkBZGCDkCumK3mbqPZ13Bb/wB51gBDkeBy4iQrzZr1BTqEJKnFJSBuVGBXhugK1azZXeWdtcC1E89wlklI91xj512+laFxJxFbpubSzunmVGEOKcQhKoweUuKHNG0ia2SrgFNVZ2S7+35f3a0rnsap3GrNMoUXFJB6ISZV8qzOH+DNY1N25S3bt2htnCy8u5UUkLAkpwCTgg7RkZrVtvs+1Ia6LC7et2mfC8Y3LQLiSJgIEhPm9DGATmigWSJw2rMrXqrmq6JeXOmXy8qLayAo95SZE9d6mtuMeKGVeHqfh6mwMeVaW1/MAT8QTXc8S8BpsLZhWnaiHrhauVbNwUo5UwfNzDbpiJz6VLwXwdYIW+7r6bW8dMBlDa1KbT3kFIBJx3FWpNGc4wkrOKuOMdPSyVP6bqSVxkFlPKP+Lm/St7TP2U4WXnbFhT4AUhzyqKZzgnIPtXZO8PaJacQ2t7aaMWkstlKgGv3almAlQGwKcwQOvoK3dYZfvUMpbtW3C24l4LdWeZJSZEGiUuDmeL6OSfZdat1unTLwNAElZRgDqT6etRJ0HUr+3S7b2raUrAUgOucpUDsdjHxiu2Qt+700EL8EupglCQowdxvSaQbe3DSn3EpCeUSpKIHpG1JyBYWeTscO3+uak9pzoc09TaVJU8WSpLZStJxkBSpSMTtNbGq8EXli9aKtNYaLDlwhLza7dCFhsnzKQSpQJA6R8+vW3DVqlTjOnvKXeBsqTzrJEzt2qRm6trpsq8DxuTy8vhpJntJNJTrg1WEw9W4S0h3SXgy7dsvchCHWnCtXNGJTEb74Hwqxpmh8PmwTaq0uzuloQEuKdYStxSoySpWRJn2qXTLp+0eFm+wtCl87qJXI5Z2nrEgVFq7tzZuPalLJQQhC0QZ5QTB9TKvlSeV1ZotO1wcyPs201V044q2uQ2pailpV0OVAJkJHKJgDGTNdJofB/DGnJc+9cPWd2tYhIeWtwJ9cqya0PvKCUuKuQEJB8oICfjWYLlxu7Wo8y7N5IcbX3npUSkqNFik+GWdFsdP0m4f+6i2Qv8IDbaUco7SOu1A89ZWWqOXXjrUVDJiEpJ9dun1qnqTYW025p1gVvNrSrmSUoSBMkHImf1p7PU3rtLrPgJacbIStL0wCR26ihP0jVabi2WrpTD6kXDLCnXgQedJgQOhk5+FSodGqWdxbu2zSk/hcZu0c6cjqnqKwW/vmlm2acebVaE+H4gGUmCcg94q6LhFu4q6N7kp83iFPKR2xTUn7HLTUuDyvi3gTWeFGnb/Srxy401JlSmlFLjY7rSMEdJGO8VyiOI9UT/8AyifdIr6S07VbO6TCFStY8zZTzT6eteP/AGicA3TGpO3/AA/prv7NX5lNJIJaV1ITuEHp2zsIrRNM4ZwcXTOLe4h1N5MOXJI9Ug/nWa88t5XM4QT6AD8quDR787Wyu+4/nUrWhXq550objuqfymnaJ2syqVat5or7COduXUASqEwR8O1Uvu5U2VIyR070Wh7GQA0Q3xQUSTVIhkqd6mSYE1AN6nSPLMdK1RlIhWZJoSaSzKziBQzSLSH60icYpiaYmTSbHQNKlSrMoVKlSoAVKlSoAVKlSoAVKlSoAdJKSCN6kFw4DIUB8KipUASqfdVu4r51HvvTUqAFSp4MTBg9aagBUqVbnB+kr1bXLds2y37VCwp8JMAJnYn1+e9AGHRJE19JWumtp05dmxapLF4lVqlpKAESobBIxMT7b0dl9kmkadZIev7HS1OJHMrxLl5wp/xAEIn2kVO4tRfs8U4N4B4g4wDrmi2YNo0rkXcvLDbYPaT+I9wkEiR3rq9H+zHidric6E6u0ZLTCbl1/wAXna8JRIBwJKiQQBA26DNe/wCh6Vb6LpH3di6btrYSoMsMpbbbncyZ61kcOP6bcXN8/d6mtYRcFKAXuQOCB5yDv8DsKUqaplRTTtHn2s/Zc/YXOnJttaZe+8u8j4VbFvwUQSXPxqkYjpJIrV137NuHbbRHwzqF4rUyiGHFOoKCvpzJCMI75mNpNdY+i2uNeRc2mk3tzpTbSvGfDDi0Fc4UCegz/rNWr64Vr+nob0OztkDnSpNy8lKEo5VTCcSZiD03rPbEv8vswtB4R4T03RUODSBqawgeM642pxTigMmThIntEVx+l/ZNY3GpJ1FTV8+2p4Pi3JbQ1y80hBKyVKT0ncivUVazqB1B/TmGGbe6ZQkqeK/ESgKmCkCJmDv2zWRqtzccL2mnsJ1Zp77w+GUlxrlW2CfxbmUieu2KbkoqxrFKTr2a797eOLf063YbtnPCCF86vIhBEYjEEbe1U1Le0Oz0qxbetmW1xbspE/uwkY36ADr6d6qXZ0qwYub+61K5++uIJLgeBWs9AE9R6bD0rJ4Y1TTL23Zev0/e9RUkhSXGy6QZ2GCIilv5KWnbVnQ33haVpt0+NQcD5lQSYl1fYDcknrmoLS50pLTb92tSrl1AUvnKueSBiBXPO3r2la3d3jukPW+nv8jdvseVWZwJjmJGK0tZY1nVfubtqLS3Fu74qUuLJWpUEcpITAGdvbNT5Lbo0WmSLNhcqtWru5utPeDQcUppZSlSktdJE4O9XmtQfvh94ZYabbhJa51ZUmMkxtOIrB0+6vNf0txDj6bVpZW0rwBKjBIUJJIHX+dZTbo0fWGtJXqq1WiLfmEq5SgggBCj0xnp8KW//Y0WmT49nRnUbnUbu4sS63bG1WnxUtHmKiRIz0EQdqoa9qn3O7tLJ/UT4VySHAkALSkCZJHQ7VicQN6S1YuHSgtepuGUeAtSyszkqyek+tXV61Y2FuBc2TzYUICFtYUfc70bl22bR03VIvai/bfsp/8AZqnXrkIPhJYWVSqMSdoneelSWuoBm2bNxbrZc5QCFqTvHeawtHTdWzVyh1i3Qw+8p0Myf3YMeXb0rVZcuErbcZ+6tFscqVcuUjsDP6U4zi+Wafp6RdVfXDyUqtEsQFDm5nCSRgkCBvFUtUuHdOuk3LSim3ulSpJzyrgfoPzqB559MguqgnZpCUj3wKuaIu1ukO6bcOIfSPOlC1SoEkzneevzoclJ0jPJi8a3mHc3rt7qrJ8Tm8NJgnAE9B6mBU2pofu0obZ53XCcASoj1it48MtB2WnlJR/ZKQT86vXRb0hptYaPKYQpcZMbSaXjfbZz/qOaic1qTD1tbeVp4IOJdbj50+hvBdkNOeQedc8jic53yOnwrrv94cU2iGkt/wAYWolRx7UmWmWXFcjTaHOvKkA1SgjN52+zkrpVzauKb5khQxJE1i6lbXDSHr5q9KniOdXPCZgRGNtorteI9ORd2ZcTKLkphHcnfl9djVLQbayGmW5u7dpVwoFai63zEZMb7YjFTKMt1HbHVwWPdXJzCF2OoNw4tVwsbHxFEj4A/lVJFwNLuVpfZuQyVgtuPNlM428wz1r0ZV7atKAQ5AGClKTH8qp6jq1uq1eQpjxW1JIUhyOVQ9al4n9iWu54hwYtrZXrlxa31lYEfxhSnEJJSR2nYg9a6Vl5a1HBbcTuhQyP8vWsbTtTKbJpsrR5G0xzGDECKw9T4qLGtf7wolnl5Atr+A5Mf6NaxaijlyOWV8ot8S8JsuLXfWRDYMqeaAgeqkjp6j41zK9EUJ5VA1p3vGFrfJLFjcvvOTBCWl8qSM+YxEY9aupdaebbcQgtrUJU2RgHuPSqb54M0n0zlV6Y4g5SCayNS0JLpLjafCd3Kowfcd/WvQy3PSaiXboVggUrY6o8V1fS3GFcxTyubkdFeorGr3i50th5BQttKknoRXEa/wADLDjj2nHmQRPh/wAST+o+o9a0UjGcPaOBQrNWUHyntVZxtbThS4khQJBB9DFSJX5TWsWc04keZpjTTmlSsofrTdaVKgY1KlSqQFSpUqAFSpUqAFSpUqAFSpUqAL+j2bd7d+E6tSRE+XepF2CLXW02r552goZGOYESKo2r67d9DrZIUk1d1l1brzLylEq5eWfY/wCdUuibe6izxLprNg4w5bSG3JBSc8pEdfWatauiyuNFbet0oS83ynCYJBwRj1/KqN/cuXWmN+Ioq5CCCT8KgtHOeydZJzGAaf2gdmjp9227ortotuTykDtPQ1z1XdLdDbxBJE1WuEhD7iU/hCjHt0pPlWC7aI69u+zrRF6boLK3IQ7cgPOCJVn8I+UY7k15dwVpKdZ4itrd0f7sj96+TtyJ6H3MJ+NfQ2jNo/aDIUG1J55IcWRPwG9Zyfo1gvZsXGl6bbaUxe3eoX9s8wPERlCUhZH8KY5iem9DoV7p2p6W0rUnFX964Sr7vKvIQdg2nKj65rpXVKVbLNvoibk8sJbasuUKPqpQiK43h/VLzg9arFWkXNnqV86tSQwAfFBOEBXNhKe0wN+tZStNP0deGHkTXsq2ur2ieLn0XenXbaTHgW7zSsr6qLau/T4/DT47c1Z2yt7pGlMosbNQfcUpbfPyjpypVITG/wCVLVtK4gTdq169d01LrDCxb23iqcUASCrmVAEkA7GNh3NQabb3PFektPaxqJsLJ0Babe0R5nE7gqUomP8ADn17VCfcTp8a4mukbtm/q2raMF27tvpZeQCkuqLqwCMHlAAGO8+1c/winUGbi80x69AtrFZaDjKApS+pgqHTrIOcdKoXl1PFdxpLOtvfs5DfPhSULBJ/qucdQIMjMYjrT8VWujW+gC10HTbhepAjwTaKdeVJI5uYSRBHx7Ubr5+ilhS4fv8A+BcTW+l6Zrlo7p2sXqLt9ZN8VvBSkt95ABBmAAZxmMVa1e64cXpzqEWaNS1F1BS34QU68VdCF5Ig53+HStDhy0+46e2bbR7gOKSOYPMBDij15iuJPxiqGh6HrTWsajdO6fZWSLpwOIbD6T4aR08gOOvuTQlL0uwTglTl1/JU0bVkcMWluzfWN43cqPKHCxBeVPQkjPp0pBnW7rWLrWk2Vq0XkhAYU751ARBJAjmx37dq3dc4Z1XW1Wgd1K3tWbZ4PhLbJdJWNiSSn1xHXrV3/Z4/dww9qN0nn8ssBLZmM780fDNV45viuCfPh7vk4lt+84ttkJduEWVklyQlI8ylIO5JOIIMeo9qi1e5u7XVLbTX9WJt7hCipaEhCxHQn16Hrmt/T+GmdPYdTZWrkoc5eRxbvMrbIyExnfP6Vst6RprCmnnLHTw9yjxHHGkFRMD+IifrSlgl7ZUtVij+1cHBanb6Tp2i3BtHVs3AQS34bxJUqMAidid6tcLsh3TmHWdMecUtAK1FgkLURk82xz61Z+0BvTFCxctmbdT7dwhTqkJHKpucpVGDJj610p1hkoSotugxsFQPnWSh+TtjlqqgnFdnnzAvbPi51hGlOMKveUMsLHJISCVKB2jqY7V0es8M3+sWyLN69tWESFFKeZxRgyADiOtDrWuuP65pwQlIW0pXhpT5lDmTCle0Y9pq45xFDZUh9qBglI5siqSiuGyMmpyypxVGZpem3415/TNVuGwWmUvhbMEuoUogRIxlJmR/OugVoNm5zId+8oSNnQ/yn6Y+lcc3qvj6hcX7K1vPhEecFPiJTJhJj3gRVi71xblvzsMKdUoYTz5Hvg0R2r0RkzZZNO6L/DFtZNP6o3cOi8WzdFtp58c4LfIhQ9JlRBPWt9+7sGGCpxLbnJlKUNbH09a4HR7bVjeuPsFXO8QpVvygIViNycQAPetC/Y1R+WwksCYVMD61UXS4RnlTnK5SOrb1GWWnmgFtq3zt/o1U1nUQ5bi0KUobeWkKUpUncHFVNGIt9OVZXxQlsA8i0ZVJPb61RvrK0edCvHccA6KQBVOTozjFJmurVnGUL5nU86TkkSRWLYam8+/dOuO84QsAcxhUZk+0xVgG0DBQ4wXTgcylkR22qBt1phxKmGkJUkyDvUf3ZVfwA7q8akw74a3kNkyQsSJBGPn6Va1O21K5Kb7QnudKwErt3eUJnvKhI+B6dagutWKz4lw8j/EoAfWsu44iskyDetmNwlc/QU9w1F+kXVNamAU3KW0ObkhYj6Csl3Qnnrwv3WrXBT/3AdV4f/LMVE5xEwogNNXLp/utED6xVZzW7tcFmwV/+xwJ/KaVlbZHR27Vq0Uh5bzyQI5QqJHQTUQRZtLJZZUkEk+ZUn/OuZcv9XcV5fujKfZSyPqKrOI1J0fvNScE/wALbaR9Ymmn9A4fbOyev0KaSgM26UpEAhsT865y619LeohLHK6hMhyNh6A96yU6Ku6WltTl5drUcIK1LJ+A/lUosBaulgtKadTgtqSUqHuDmtIQk/RDlCPbOwsrlq6aDjKpSfmPQ1OUjtXNaKFs3gJVCCPNmJrpUqCvwkH2qtsl2SpJ9MAjsKYj/wCak6UNIZgcR8OW2s2jiMMPqPMHAnHN3IryviLRH9EuEtuqK0KGFcvLnt1/OvcY7VWv7Ni+t1MXTSHWlfwqH5VSlRlOCkfP9Kuy4p4LfsCq401K3rbdSN1I/mK42rMGmuxUqVKgQqVWvu6c5mkGUcp82aVl+NlWlVrwBOdu9P8Adxy4nNG4PGypRciuxq+lgYjr6fnU9vbuPKCGUc6jiNqnd9D8f2ZaGXFkBKSScAd61bXQ3Vt876vDP9iMx710GnaWi28y4U8f4ug9qvhr0otmixI5saKwIkmfepDpDCf4SYroks82AJJ6etY2qara2ZUhCg+9/ZQcD3P8vpU8sTikc1qrAt71aUiEmFCmDzbqG23goAbqBpry5cvHvFe5ZiAlIgJHb86rq961T9GLXsk8QobU1uk7GgbWUEx1qe0ZS842lQWeZUEISSoDuMZreZ0KzKsqeVG4KhH5Ut1Ao30cwklJBG4pKJUok7mu3b0OwT/2A+Kif1q/ZaRbOPobatmQtR5R5BUvIkaeF9mt9lOkC30Vy8cQk3F4qWwoE/u0mNvUyfgK9R0O/Vo6l3j7j7aECCtDGEz7jA9TWXYWVmsWwcWRasp5C0Enz4jMEU/EN7aabol0zZJLDDquZxbhBK4MhIAwOgxv8zUSkkrNIxT4R6mzb6jrOlN3bjKmrV3ztrvHvC5h0IAkgfAelef8ZaTrrGt6RcWb9k7L33a3aZUQlsrBkqkZEAkq9Nq0hxeq/tm33fu6gUyCozyyPfFctrGu/ftbsm/vQC0OJKFIB5GoPcdTtSyZIyjReFThO0emP8HaJc6YhnXta1S8dX/WNWCEstn0JUCSPiJ7VwOqaNpun8Y6Poun6pfsaPcFQuUOXH9VAKgkKAEc0RtiZ61ZveIXGnnmTdPrW0eVfhqgT2nFcvYsXmt65bNWjSmVeKC2o+efUgdKxyOLpRRtjnkjblI9vbt+D9CslgWNu1IASbNLRcPqpR8x6ZyazHeK9N8I+Cx4QBAShx4uGOpJCY+E/wAq8l1W419Nypm2sWCELKVKcSpJAB3iRFV02nETpBXcsMAZISlP5kH860eauEiPAnzKR6pd8W2ikpDbayRMlKBnbudqzHuJ4BKbdfL3WsAfQV59caTcvrCrjV1tgfwNuEA/I1G1w7prbyXXH3XXU5CuoNQ88/QLDjXs7S84v8JBUtds0gCTKiqPrWG/x3b5U3dKVOP3TEfUgfnUKrexUnlcbcdT2UcGnbFkxHg2bCI2PKKPJKXspQgvRE7xU7cNc7LN4+o/wKPL+U1Vc1LXXgPumkIE/wDeuf8AxWkq/CEkhSEp9BVG54is2v6y9aSe3OJ+VJ8lJNdIQ0zU75bStRLSEgglCTCZ/wBeta95pjLK1C1vUeAqIZBUQ3joSc1zS+KLQ/1ReePZDSj9YioVcQvrB8DT39t1lKQfrQqG1Jm7baXaW1x4/iKLszzJGasvMaZP+72y20nJSXCQT3iuUVqeru/gt7Zkd1OFZ+QAqMq1Z0HxL1Dc9G2h/wC6aBbPtnX27jFqoLZZbQU5BjaiutVK1lx1aArqqAK4s2Ty/wCuvrtz2c5B/wBMUTWiMvq8tsp9YzkFZFCbDZH2b73EVk2SFXrPNtAWCfkKqL4ltjhpNw6f7rSo+ZgUDWi3CSAiyUntCIq+xw/cKTLpQ0OxyfpTVsLgjLXr9ys/udPdj/xFpT+pqFeqao5+Bu2ax/ESv+VdB/s8r+J9JHcJq2zodqhP7zmdPqYH0o2sPJFdI48u6k7/AFl7yz0bbA/OajNqtwy9d3S56F0gH4Cu8GmWQGLdPzP86nQ0hoANISkf3RFPx/yLynnzWjsvLhFsHl+qeY1ot6JcpA5bXl+VdiZigyN6agid7ZzbWgvFP7xbbfpuam/YI6XE95b/AM63ir0qJwnvTUEK2c3f2LNoAOdTjqsjoBVMARtHwqTjJbzLTN2yTCD4a5EgA7Hod/XrXNo11xGTBEb8hH6mvX0kcahwuTydVLI5/wAHRNrdaWVtLWhUQSkkY/0KV4t29LRu1F0tAhBXkpB6A7x6VkW3EfJBW01yk/2j+XL+tdJpuvWFwkB62QQcdBPxB3rtSXo4JSkuzIdZ8pjmGP4VEVXAuEqEOLCR/eM/Ajb6125tNF1Jg/dX3La5j+rWPKT6GuXu2C04pMgx1FNKMu0S8kl0yuzqN5bKBLnjI6oc/nvWzp+pW995Enw3xu2rf4d6wVjMzVR5AkEYIyCDBFY5tJDJyuGdGHVzxvnlHakEUIEmuf0rXShabfUVfiwh89+yu3v866EjP515OTG8bqR7GLLHKriCRPSQa5Lifg211XnuLMC3vDkkfhWfUV1/tTAZrO6NHFS7PAdS0+5025LF40W1jbsfUGqle96xpVpqtqWb1oLTMg7FPsa8s4k4PvNKUpy3Crm27pEqSPUVadnPPG49GJ1NEgZ3gelBGRAipUiT+lSzVCGd96kCJAxPekkE9JEVqadpyrshZlLM/iHU9YqLK6K1lZOXSyloDl/iVuE/510tlZNWzfK2nJ3Ud1e9WLZhLLYQ2nlQNhWxZaWXEc9wstJOyQJUfX0q4RcuEZzyKPLMsIAqRplbk+E2tUbwMV0DNjat/ga5lf2nPMf5fSrSWSQB22rZYPtnO9X9I8w4xd1C2LbUqatnUnYRzEbgn4jFciBGTXr/ABrpirrQ3XEEeLbnxkj0A80fCflXmVjpL98H1W6VraZBUpSR/CJMknAGNyfaaiUdjoccm9bmUG+dxaUpSVrOAK3NM0Ja5fu8JTJOOYY+PmPpI962uG9IYNum5KApQX4fhoUZURnJ64I7U79nfFSbJCT5ElXhJXKW09StRwB6k0uh8s0dLVas6c09oyFl54FJdfA50QoiIGBtgDFQXD1stgfdih59hQRcuJV3B5VHucQe0CqVxaFfLaWt66tmSXENCG4MYCtyJmTAnoKyrl8Wr33VHhLZbPlCPwmQOYT17fCspZLdI6I6eUVuOoYPMK6HhRtpeqhLqglXhqCCTEnH6TXDcG6wHrtOm3yA+Fz4TxJChAmD3GPh7bd6LW2tU/eiA2lscxWpZAHvVrC27Rm86XBvMafqFtCUvNlkEkgqiQfhige0NF6+hd5ctcqTiSVlPtXN2OsP6zdfdtGsrq5uMkDl5EQN1FZwlI7mM4icVsuM63aAqbt7W6YThb1u/wA6EHsrAI94ip8DfZazpdM23NGsW7jmtXVJRypThASSAIz69fjU1np9jbXCXVMB4gzDhMH3ism3OqPQQu3aH+Er/UVXd0/XnXSBrSGhMw3aJH1JNS8LXSDzL2zpX02zjzjxt2UKWoqISIANV3da/ZnMu2fNuSnlKkK5cdp7Vzx4UvbhQF1rV2sHeFqSPkCK6jhb7ONKadTeX9v97UnKQ+JST35eo9yRVRwyYpZscV3Zk6xqKmNGY1a6vHPDfUQVKJAzPKZ6zBzXJu8T2rh/dl9//A0sz8YivYOMNOReaNfJKeZYZJSkdVJEp+oFeY2+g3zhATbKTP8AaIH5ms82JxkaabNGcW2ZH7cfV/8Ab6bcn/zClH6mnGpau4PLbW7I/vOFf5AV07HC12QPEW0gf4iT9BV1nhZIALtyT3CUR+tZeNs6fJE4zm1Z0yu9Q3/5bY/WaY2LzmX727WfRzl/9MV6Azw5ZJyrxV+6o/IVca0qxbjltmzH9oc351SxMTzfR5knR7VS+ZbXiK685KvzrQttFWQPAslAd0txXozaG2sNoSgf3RFHIIkmqWOjN5WcQzoF6qD4IQP7yhV5jhpxWXn0o/wp5v5V1JiMUNWoonezB/2bYA/r3PXAq1b6LZM/iQp0/wB84+QrUoTToLbKhsLQR/urONvIKmQhKBypSlI7JECj6UJNAhyRGKjPpRGaYntSAAimjNFPemjamAJpekU5OaGadDGI7CKjVg0SjQ0hka8iAajgnFSqoPpQBSu7dLrS0OJCkKBCknYiuBHDvPfXNi68ba6B57RayC2+jPlHWRjbO+DXpKh33qte2Ftf26mLtpLjajMHoehB6H1rWGRw6InjU+zya/sbzTbgN3rKkThK/wASFex/QwfSnYcU2vmbWUkCD1n4V2mqWl/YMKafQ7q2mDJ2+8ND44cG+Dn1rmXtPbXbfe9LdTcWxUR5JBSYmCNwfQ57TXbi1S6kcGbT0aOmah4yIV5VpwQPzHpV9xwuCSa5Fp5TK0uCRG47iuhZeC0BQIIIkEV6EZJnlzx7WSub+lVXkyJEAipyqahcVvV2JRKToS4ghQHY1q8OauWlosLxYKThlw9OyD+h+Has11ImRiqL4CgUmCK5s2NZI0zow5JY5Wj0gbUQzWDwzqhvbXwX1E3LIAJO6k9D79P/AJrcB2Oa8eUHB0z28c1NJoIjtvQLQFpIUAUnoakzAplRGRSo0PBG0T5YPvFW0MwmSCAcd6mQ0GxMZiNt667hTg691h5JFvzo/tKB5ED+8ep/uj4+lbGzGU1DswNK0pT/ACvXCSGiJSJgqH8q7DTtJduQFR4dumAFEb+gFdWjgp+2hT6TcR/Zwn5VYVaOtgI8JSeXERtV48P/AKjky6ldRMe20u3bEqBKgdyauoZbHTNWAyRuACO5oxbqV6AdhXSkl0ckpN9kASgdKINJVEJUParSLaB3JqUMHrgelVRNmW/bpLa0LAUlQKSCJkHegutWsWOHmtM0/SrZm1bbCXUuoHLzAeYwDnInmJz2rXNsOXb41xXF2kIuVhy5eeNmj+ttm1QFnooxvGMflXNqOFZvgpvkw7TW9MYTcs6dbKQjxPEK7cFKOaAISTtgZMEY2VNV33X7pKPHlpkq5hboPmcUOpnc+p+EYrHuLpVgtxvw2SQAEEp8oHdMfT40Fm3qusoDFulQQfMp9yfMPfr7VwJzyP8AHo9vbDTrc+yTVL63t2i2yV+KsJC0pJA/CRCu5zOOtZrOi6lqBKkMFtHTnxNeg8PcKW9iErdT4zp3WsD6dq7C001tXKEIEnpE114tOo9nDqNW58Lo8IXaX2h3rbrrbrKkmUuo6ex2Psa6Ia2/r1/pdpfPJtdPbdBuLhpOFAn8RSZAIEgDaSele6XnATV/o6Fx/vJBKmliAR29DXgvHHCl1w/qLrluFC36pAKVNeih+orZxcUckcikz1HXdNdY0IW/CDVt+wQgK8O3kqWqMqf/AIln5gAbCK5/S9cebuE/u3bC8bQkh+1PMVDsoKwob7k/QJrheF+KNQ0d5BsHHPGn+r5glCxvn13969i0a70fiN5xvUbJOn60EjxUEFMkiebl6zvPWa33xlCq6+jCUZY23fZqcNa/aXCY1ixbWueUv2nNykxvybjfoPgK9Ca0vSn2kKRbpiARlQJ98zXFcP8ADydKuOVm0Q8445+7dTK+VPKBEHGwGTkZzXZuO2+kspL7hcdjyoB/186zjLhtlycZJOPZrMWNo2geFbsp9kCfnROADFZvD+prvlPBaAEJIIInE9K13k9atNNWZvgxdQa50LTvIIiuK0i+b1GyauWgQlwfhO4OxFd7cpzXlPB5U25qVofwsXCkj0yRH/TXPqPR26P2dTGKRMDFONopTn2rnSO4YdqY9KczGKYUCFApthApzjahI9aAETihpGNqY0AKhJzSPahNDGKaYnvSoVVICmkZpjikTmgBppjIp5oaaYwVb0J60Rz60NAIEg00SaJWaY4pFAxTbU8xmhOaBAkZ2pvyojTflTABWQZrC1HRQblV7YFLN2RCxHkfHZY/I7j6VvkQMU4AODTBpPs4LVdC/aDLt5pbJRcJMXFmqOYKifL09exmRWJp5dZaAdTyifKOYHHw+NejXtu608m6suX7wj+EmEup/sq7eh6H3IPm4ckrZUFIfbw40oeZB9f516GlyWqbPK1eKnaNAO4/WgW50qo27Mc1O4oJJBwOldm6ziqiRasHMRVR856TTlyRFQuETG4obKSJdLu1WWpMvA4B5V+oO9ejNqCgDOD2ry2QXATkA966fQ9TWwvkWoqZnIP8PqK4NVG/yPQ0kqTR15GRSKs7UyFBaAoEQRIpyCcVxnf2R8BfZy20Uahr6EuuHzN2xykE9Vfy/wDivVG0JS2AlICR5QAIAHao0x0qVvNegopI8PJNzdsfknfrS8BBJlMg96mSMZpwQdqZFFVFkwDzBlHf8NS/dmf+6RHaKmEdTSkUAiubJhRy0k/CpWrO3R/2SflReJSDsb70ARO2LCxCmkke1cNxZptsi+WhCIStIUoHafSu+8SRWdq2m22ptpRcqUjlP4kmDHapcbVMpOmeJM8JWZvFKdaU+lCiUJdIKUz0jr8ZrrNF4Uvrh4uItfDagJQpY5RHfuenSvQ9N0XTdPE2tq2F9XFDmUfWTWoDFRHHGKpFvLJ9s5vTuD7duDeOF0/2UeVPz3/Kuis7C1sxFsw22epAyfjvUsmCE4NVxdKaUU3KCAB/WR5T/KrohtsuKrB4m4dtNetil9IS9EJdAyPQ9x6VuJMj+dGEzTok+ZeLfsxubC6e8JsJSvKSkSknP4T09jUHDWiazeaxasXLr3ioHK065kqMQE804AnrPQV9PONIWgpcQlSTghQkGqCdB01LyXUWqW3UnmSpslMHoYGKjbXRqpt9nJ6RqN9paSxqLZauEDr+FX+vlWfdXjtzcqUpSluE5PavSNSsre/Y8O4QCR+FY/En2rP07h2zs1BagX3Jkc4wPh/OplFsaZm8GaddNOqvHeYNqTABMc/w7V2ZVzo/Sq4qTm5c1cVSpEydlO6BAPWvMtEaKNd18bf74o/NSj+teo3IC08ya8/Yt/B13XTH4roH5tIP61hn6R16R8svUsU2aaudHcOTQpxNP6mlQAxyYnPam7TTmhJoAamODTkU0GkAJEUFSq+tRqpjBO9DFSRQ0qAAimjvREdqaKQwaR9DT7UJNOgBNMcinNCTRQDGhPvTk9aGelIYqAEKnlIPQ0ZoZzTQrFHekRFP0oaQ7FEDNDSJzQc1UJjqymsLiDhy01hAU8nw7pA/dvowtP8AMVtlQoSqZihNrlEtJ9nkuqaPrWkKPOBdszhWxPx/nWWvVvDAF3bPtK6YkfWPWva1ZEHY7zWReaDp9zJ8Hwz/AOHgfLato55I5paaL5PKk6xaEHzqH/DQr1a2UYb8RZOw5a7y54OYUPJ4K+kLRH86rf7LLYyWWkj/ABAD61f6uRH6WJyNu4/cq8jSm04yrf5Vv2LBQgT1GTV42bFuP3txaNx08ZJ+go7W80htZUq5NzH8DDalCe0xWE8kp9m8MSh0jpdKQpNi0FnMTVokVgK4jJBFtp7qh0Lqwj6Cawte4q1Wxtw42zZo5lcuJUQc98dO1JcG21pWz6Dt+dSJWkJJ6TOKsoIQkkmAO/SowOtRodQ+FBuFpB5SeleieCXOZJzNO44Uo5gkqM7CoFEBBQlQCo7betM0+2Hi0VfvImANqBEnIXAPEEdYBqQJxAp0z3opxSKAX5UkxMdqSUyfyqK1uFXCCstrbSCQAsFJMHsRU/KFOJUQQQIx1oECWOcwFHvvRG2GxyPWpOblGKXNJ70wobwlACPzpIDgWZAjpmnKzTcygN6AJkz1AFR3PhFuHwpSJzAJp0LmPKaJQStMLSCD0OaBkCXXFBDtqUuMKjyEQAB1T3/KrzauZIJBBPQ9Kh2FEnApAkSlQ70IcT8KAKolKT1ApWUEVTTpPrUPiIneKcKSf4qQE4OaOJFVgrODVTUdasdLQld/eMsIOxcUAKYVZeI5Dy/wnpXFrcafv7+4YktOPmFHrypSgkekoMHqKbiPiyz1EN6ToV4h+8ujyuPMHmSw1ErPMMc0YEHBPtKQhLaEttpCEJACUjAAGwFc2aSfCO7TY3FbmJRpAYpHal0rA67HORQmlvFMZyTQAtx+lMBnNOmkfrQAlbUHUU+SaQjM0DHIEUBECiJHWh32oGCaE+tJxxDX41pT/iMVUf1XT2T+8vrVPoXU/wA6ALVMKxn+KdDYP73U7dJHqT+Qqg5xtoSfwXZdVMQ22pVKwpnRkztTEmuTXxzpylctva6g6vb+oKR8zQXHGL7aP3Wivrzv46Pypj2s6yaFWBXDni/WFrAa0m2bB/iedn/0k1EviHiF44TpzA/u8yj9RQNRZ3hOO9DzdxXAu6jr6x/+VbR3CLRP5zUanNTWgeLrN+Cd/CUEA/CDSY9kj0IkzgGgcWlsSohIiZUYrzVVmpR5nr6+fP8AfeI/KKjOmWZSQtpS5/tOr/nTVBsZ6G9qlk1ly8tkx/4qf51nv8UaI0f3mpsAnoJP6VyLWm2bRBRatAjYlAJ+ZqcICUwkBKewoGsZtq4x0kq/dOPvju0yVVWVxpaKURb2OovEbwyUx71mkgJITimmB60D8Zdc4sul4Y0V+TnzvoqAcSa07Ib0+ybPTxHFH8pqsVbk0pMUNB4kTL1fiBw4uLBof3WiuPnUS7jWHPx6usD/AMJhKI/OnTIGDNOFSBIzSHsRA61cuSXdTv1f/tj8hUP7NtlT4ocdJ6uOqV+tWlD5U3MQaaQ9qI27G0ZALNs0kjqEifnUqvwj0pcwO8089oj1qqHREpYQmeneuN4juPH1ZKE7NiI7k12FwochEYrg7pXi6s+o55VHHTGBUyZMvSPrxYcK0BsoCcySJqva3DqHXk3LKWGgspZgypYESSBtk/UVOFBpKW5BWR5Ek5MCn5UOpZceZBWhXMkETyHvXo2fN0Mjw/vazkvHH4SYEAxO1W0NICysJSFndQGTUSENG4Kxy+MRBjeBU0eYxigEGMdRULy3k3DaENczShlYjyn1zP0NRXVwtt5tCUFXNuY2/wBZq2EkZJoGV32w9bKaS4pM4CkwSn51M0lLaISIFBbsNsFxSAfMZzmPQdYqdPwpsB9xOaaD0pzj0p0kbA0gEE0UgHtSnO9OSknMUAEkiN6ckRio/LTyKAHJoC5HXakqSIAoQ0omhgAp5WwFR861HJNWgyMSJp1IgUh2VPMDkRUqSQN6lKZGRnpVO+uGbG3cuLx1ti2bHMt11QSlI9SdqAJXXDGTA6kVzPHFy1ZcKag+sArWnwWyf7a/KCPYEn4VxPFn2xWNspdvw1bHUXhjx3QUMg9wPxK/6fc151d6nxPxPcoudRvXShJhEAIbb/wpGPjv3NYZMsUqOzBp5Sab6PSvs908touLvwyDhpJjpuf/AG117twywJffab/xrCfzrxm30vmZSm7u7p4joHSkD4Cp29JsUT+4Cyf7alK/M1yJno+L2eo3Ov6Rbgl3VLBMdPvCP51nucacONnz6vbkdeQKX+QrgU6ZZJHltLf3LYJ+dTt2zKB5GkATPlSBVWNYvs6t3j/QEL/dXFw/6NMKP6Co/wDb6yVPg6bqrnYqY5AfiTXPBXKPKY9sUJPU7Ggvxo3FceulQQzoF2onZSnkpH5VC7xrqxUQ1o7Cc4U4/I+lZA9KcQPjQHjSLz3E/ES0fu29LaJO3nJ+tV16zxAsZ1VpHcJtU/nVdO5nemJMiM0ilBCVc6w4kB3XL0HqW4QPlmoHmHnyfG1DUHAei3/5CrKYHrSUT0obHtRnjSbUE8/juTuXHln8iKNOmWREm0YI2goBq0CSTNOk+XAqQogbtmEf1TDKB/dQBUoASk8uPQU5wR2plKlUgU0h0NzEnORRzPSaACD0FOVYxT2gMQCqgJM0l7id6ae5ooCRJM5pKMDf/KhC4pKMGaKGROE98D1ok+tD1x16UTYzIPvTEGCTE7USulCIGxzQOmdpmgBxv6UxIIg71HzEY39aE596YwjEmi6bUABCYNIkTikAZ2FNMkzTBWYoSczQA8qjGfemme80xJMdaZRzjpQIcEjcU5O9AFcpgg/CiUsR096dgRXB5UlSsJG/pXA2xK3HXJkkzMd67x9aVIIx6+lcLaoKUeaRPfFZzfAq/NH1wEpS6h3wpeOCoCeUe9SShpzkW8StwkpSpQkD0qQTH60aEgKJgT3NeqfM0K2ZDX4FrI7KM/U5oNRfct2wtttbmc8qCr6CpFvIaBKzgCTHQdzRpXzpCk7HIoGiBoOIaUpKZfWOaCrA+J6UxIaSLh4BKwPNEZ6ZNOm3QHFOgKU4TJMwT6e3pUiW3OY86kqSdxG3pQBEt5zw+dtRcQrflAMYmR8o671MytRbT5iSBBJTGfahb5y7JQOT+HOw9qnigGKSetOAe5pwNgKKBQIYJmiS2BtRIA32ogoA70AJANEEd6QUIpc/agYaUgUYFRlQAJJiNyahN3IIt21O/wB6eVP/ADdfhNAi5gZJrL1XVrGwUE3D6fEOzaJUs/AZqlra0W9ubjV9YTZWgwoNENAntznzH2TBNcHrnF9m5ZPWXC7Dtslw8rt8tPItSevhyeaT/aVEdBORE5qKtm2LFLK6SK/Ff2r3LF27p/DmmB26R5Vv3CpShXVPInc/8WDg9RXA37Gr8Rupf4n1R+7WFShkEBCPZIHKPgPjWolCEpCUgADYAbUYgJkkTXHLJKR6+LTwx+jKt9CsGFA+BzwZlRzWkEBKeVIwPpRiJnc0RKYziszdKgEI3NScsCTQBZCfQUBcTkkyaXQyac0xOCOtVy7O1Ek+uOtNcgSDzYojGwmovEAIyJoVOg7Y9aYyUkzvTDqdqDxREpNMX0gEkjFAWSAAEGnUJOOlV/HAOSPnQqfTtMUnYycnM/OiBzmqZuEjr70QuUkCSZpCJ1HoKIYG+DVNVygnBpl3SSkfKkNFtRAwDJpgQRVRL+T3oPvfKSNjMGqsGy8VRQlUZOxqgbpEk80kZzTffAcYJphZdc2j41GXOpjNVXLqE5IqBdz5QZ32AoA0kqEEipQeZM9KxU3nLnvipkamiIKsj0pCs0JBXE/WmW4EkACs5V5JwaiFyoZmTRYrNMugZSfhUblykpMHI9dqyl3Rwep9agU+Qmeb0z60x2bCXJEGJB70aHhsTisRl1RBI2AmpPvESSczn1osNxrqeASc460JeCes1jG6lJzueppnLoDBkjf2pMW42vvCQmTv3qIXSSoCsjxiWwTsdqZtfPsqCOtND3Gwq5EwBmmNySIGD3NZS3ZUOaJFMp6PiYFImzV+8x5TucVC66vlHm8p2NZ3j8w8vWozcnnmekU0Fk2pXnJbuEHMRXNAp5s7CreqXCChLaR5pmewj/XyrOSuDIxQ4mUsnNH2aM04KpMxSSfrTlQr0zwmQtqdBPiqSoHoER+tTeKkb4oFq7CogqSaCaLQcSMzReM3mDVUZosCgdFgOI6qqVKkn+IfOqIUkb0YcSR2pAXOZM7in5xGKqc6BmaReTGN6CbLYVJqQFOJrIu9StbG1Xc3r7dtbt/icdUEpHxNZreu3GpKKNCtC62drp/yt+4G5+lCoqnVnUOPISglS0pSNyTAFQm4Uf6tIA6rXgfAbn6VkIbFi07dapeJdcSOZTjigltkdwMBPvXnXFn2tWVqV23D7Q1G5GPGWSllJ9Niv4QPU1MpKPY445zdRR6hqN/aWNsu6vrlttlrKnX1BKE/p+teb6/9qqnXTbcNNI5ZhV9dJPKPVCME+6o9q8k1TVdQ125FzrN25cOAyhuYbb9EpGB+dRIeKW+UEAf6iubJmb/aejh0SXMzrX79V7c/edQu3r27/wC9fUCR6ISMJHokChN8iBBB9J61zDVwUySoyd6cXJ35vMK53Jvs9CKUVSOlF6id4zUa9RRMyAkd65z7zgSoUxuPLvgdKEy6OiOprC4byfaoU6i4VGSk9awvvACdzBpKuxyjFKxcHQfflFHnXE5oDejoufWsH7yVyZkbRNIPDIM8posDa/aAAJ5h89qRvVJBClAdInb3rCDomVTnen8bMkeuaLEbn3hWCs43mo/vCufKgE9qyg+Zn/QoS8qBB370WBsffEolIBJjekbyVROdt6xi4R1+Io/GMbxnemhmou58uO+Cab7wclWfSs1TxCTJPtTB8zkxTA0VXPMI7ztS8cJb3k1ll2Pw4NJTpJMkHG1Kgs0w8UmZ65NOm683rO/es1ayUiJzTBwkcoj506CzVNzyowcnrUZehO+89aopXj0plL5pGCd6KFZMXsmKHxSJIJqEGAJkHqR0oVLJEjEU6AtF2TJJMCl4uw6TiqRXB9KZTxkRg+9IdkzrhmMwTE1H4hgH+L6VApWxApublMKMVLVksti7WlQkAdKMPkY5sT0qjzDmIn/Kl4kTj6U0qAtKe5XBzdZqIvSQCSY696iUsxJEUIJIgkjt60wLTb3KAOacbUS3tyJE1SJ2MnHSnKpGY/WlVAWHHJKiTA3xQLcBST0iDUKlT1n2oAohYjrTCy208YCVzj5xS8UpiDHXFVc/iE52NSpJMn6UhFlx4GD1HUVGXQQQSrbearKWQpR6dOtIOSkRE700BKtRTIGemetRuuBCSoiUiPjQFwkGYE7+tUrt/nPIkQkb+tFc0ZznSI3V87ilHrUc000pq6OZys+zysAVE47mBQc3NEZFOUDcYr0Dy27GccwINMlfbNRvSKEKAGRU2CZbC/WkF9zVMOicD40XigAlRppjLgKe9At0AwImuZ4h4t0fQ21K1C+bQ5GGkeZxXskfrAry7iP7XL26StrQrVNmg4D70LcI7gfhT9ahzjHsqOKc+j2fVtZ0/SLb7xql4zatbAuKgq9ANyfQV5fxN9sLaCtjhyzLithc3QISPVKBk/Ej2ryG/vbrUbhVxf3D1y+d1urKj7Z6VCkSawlnb6O2GmiuzU1jWdT124FxrF69dKGwWYSn/CkYHwFbHCXGescMPA2boetYj7s8SpHpGZT8IrmgQIkiDmkRk46fKsdzXJ1bI1VG3xPxRrHEtxz6reKcZB5kW7Z5Gkeye+dzJ9aym4SoAY74yaiBxIO+4opG+5FTub7KjFR6LQWQk5gHtThXeQKr8+PpR80EGT23pdmtk5UQN4P60ylmeYbelRJJmdpFDJJ271NDJgskzOCaYqMRJkdqHMZiZocCIwT6UUOyQGAPpmlzZ2MflUY8wMxPr1p+UkT8KKCyRK4gBPWiBkb/AKVDzBWM4NFzTPSihWGFmM7elOTuO3XtUBUAcDajSYO+PSigslSrzRt+VGDI2FRgk5B+G1JSgBP8XqapDsNRggEimUogzv8ApUalbk996aYVvJphZMVzucz9KXPA99qiSY6DH1puYc2BHrRYWTk9OvWgC4jbFAlec/CkY5k7QKAskS5ODOw+FFPtUQVtmKJSgB7dQKADLh3nHY0ynDPmIA3qvzhRgYV2FOZMfOaBWShale3QCm58AR7zUMx2j3zTlRBzuO9ArJSeUbihJkZJIoCuQcZHUU0mT+dFDsKcnqB86fmH+jQEzBCj8KEklWDmglsckd+1JUq27Z9aCIBz8KYEScwO9BIUyQRnvTgxMbe9ArcHOcUwPUk+madBZKOsbbikSSqd6DmzMf5U6VDcDG4ooLFGMdKkVMEz0oVKEc04puYQTJEHegdjxAnMCkTGROOlMSAdznrQFUAgYooLJSAScDPaoYETOO1NzGMjb6VWfekkNnB606ZnOaQT70eVPaPaqtOaamlRzyk2KlSpUyTquHuPeINCCUW16XmE4DNwOdI9uo+Br0/Qfth028SG9YtXLF3/ALxB8Rs/qPka8GpVpHLJGcsUZdo+tbfW9Ov7T7xZ3jFwz3aWFfONvjVZepsThwR718s2t1cWjodtX3WHR/G2spPzFabvE+su2xYcv3S2RBwAo/8AFE/Wq838GfgR7lxDxzo+jiHrhS3048Jocyp9px8a8w4k+0zWNUKmrA/s62Ij92qXCPVfT4RXCEkmSZJpqiWRs1jjjENxanXFOOrUtxRKlKUZJPcmkM0FGms2axCAqZBA6ZqNI+FGRPoZ61LNlwED1MiOgppgzuRmmkExtTCOYUirJRjtn0o0GcDIqIKgwdjvRFUdM0h2GDIgYIopknbPSgSMcwEKpwD8dxTHZLzYOMdKaRjNAO2cdadEkDmj0oKskTtJk+1L+9saQOM980jvBjtvQUMneM05JVsRHrTSSSJxvFLO8T7UUFjE8p8pzvSkmJOOkUgJGfnSAx796BBCJnfOcUYkggbVGBmpUpBG+9IBwfidqZSoImPSe9LuE9KEkjrmmMLJUDielCZBJziaaYIxt1HSmWcYMHuOtOgHJkY+U0wUBMxihUfQAT0oSdyKKJbJOYTk0aUlRwM9YqAJmZJCamachOT0pAmO5IEbehoCrmIB606ySsgg9qCQI5umPemhtiEhMkYPaiKp/DNDMz27Ux370xWOpQOYkim5/f1JNMcCTJgbUwVExsNqBWOT2O3rTk7b96GTggTIyKZS+bIxmgVh820DfpQhUSN6aZMkZj5U0+T2xNArCKpPNTDcAAbVHzCcb0Q2I7fCgLGJiBQkyd/kadWSCN/WgkRH50CskBMGaIGfYVFIpz8fTNMLJQqek9aaYUc/SotxJOaXNCYGRSCyTaQZ9KYnckxFRlYSPN8KgcWVmTVIiU6CdcKiQPwmoqVKgxbsempUqBCp6alQBra7w9qmhO8mp2bjIJISvdKo7EYrJr6hL1ve2yre7YbfacEKQsSk49a4niT7LrC+Sp7Q3fuT8f1S5Lav1H19quUaIU/s8UpVp65oWpaHceFqdq4ySfKoiUq9jsazKgsVKlT0AKjTQUQpMqJInr2p+bcdOlCDg+tInrUmthE4pTQjpSk0BYYxE9frRBRkjFBJkRmmJ3AoGSgnmyMCiSpIIkCKhB+NSJkyJgUqHZIrG8npSmdhmKAKAmBPvS3OO9BVkqVn4jpR8x3A3zNQJGJO3WnC4BEzAigdkg/DA26UUgYMzQJOZFFjHt2oHY5PXPx6048wjHypjJG8H0puaEmSMUDsUwT/AKFHzkzIqM+kEUgevT0oCw8kg08Qk4x3oQTidqacAFUCnQWIkxv6URIEdpmKDMA4oZgH50xWErM9E9KEypRyIFON45gKYj1x0pCCGBAJnvThXcwajmEz86QUcAxNAWSqMZTUZOQcn1pgqM9aFRIHcU0FkhPWkTncctAO0R+tIGcDp3oAR3PSlIMnfvJpoxAwe5pT/ZFAh5ORIAphn2/OhJAOKQPmJIJA6dqBNjk9gfhSCs7mO9CdgOlMDnNAgpIMbUiZgGlzAx3pgTnqaKAcdZpsA+lOTIOds4pgcRmaYDetPJ65PSaFWMZpD/WaAETIyaSiEicUJIEntUSlcxoIlKhKUVEk0NKlTMRUqVKgB6anpqAFT01KgD6CauwBvV9i9WkAAmB0rnguSelGFqT/ABU1L7M3TR1bi7bUbVdvftIeZWClSFiQa874q+zBDiV3fDrnJ1Nq6cb/AMKv5/OukZvACCrcVo2t/hIKwofSatqLJScej54vrK6sHyze27tu6P4XEFJ+tV6+lNV0/TNfs/A1G3bdxhRHmR7HcV5VxR9nF7p6XLjSXPvlsM+Hs4ke2yvz9Klxo0UrOBohtTLQpC1IWkpWkwUkQQe1MKktMLmNPNDS3pUVYQNIn1oackbUDscGiBoImnBgUhphA5xUoVCpTEjNQg0YNBaJFGYjehBnYie9IqgyKHFIoOYM9KQk9cTTAiM0p7/SmBIDuOm1SA4wZAqCR9d5pwo77dMUqHZKSSZz7U4gDGxG9RhUjuOwpBUep3NFBYQMiNpxiiEpGcg5qNSpPanBzBNMdhTJzn8qUE79MU0mDHzpSScmgBxBxv3pyYlJG5oSekT60sHB3GJoCxTAI+RppxSO4J6UyzIkAyJmgQlE9NqYE9pO+9LEAAz7Uxz1oAeTv8sUpmfWgOPypwqMdfenQrEZG4o/Lg9OuKEn2mnBIMbmgYJjcSaU4nH8qSsE7GhV1jagTHmR1+FKY37U22xz6UtydvhQIJJBMHbsabY52NCTTT0igApE42p0mRGcUJ+NNj40xDzBEU8iJjrTE5k00wM0BY84oSoJEUClTtQUjOU/ocknc01ORG9NTMxUqVKgBUqVKgBUqVKgBU9NT0Aexpf51GMCcVbQZA6YrNtwB6CrzawR9KbRmS8vwqRtRSYnFAFT/nTzsZpUIvsvEdSM9DWlb3hSkDrO9YTa49qsJchIk1cQFxHwxpGvgquG/CuyMPtYPx7/ABryrirg7UNBcWvlNxZbpfQJgf3h0/KvXUPY3q628hbfIqFAiDO0UbUylKj5tFEgTvkV6txb9nzN0F3WhJSy9HMbeYSr27H02MV5hcW7tm8tm4QW3kGClW4qJJo0i0yJce1B70iZpqQ2x5pCmpTQFhA0c1HNOO9FFJkqSAdqQz0oetFNI0QXTPSmO5pt8jemmTQOx5G9ImmOKaTigVhzGOlOIByTQUhjagCWesbU/NgkE957VGeuaJJ3n3plEkyPXrQTJHWkIHw+tJSgN9x1oHYQPlBPSlzEA+lRz8aUxQKwthicYNOCMbQe1B0PanBGwoCx+npTEgzFNOMzPrSn5b0BYjOKHb3pyZyc0JPzpCYScGKc5OMHtFBNENoM0ANM0/vQnelOe9MQ5xt1pE0icb01ACO9DNFvQmgTH+tODQjFMpfmkUC3UOTFRkzSJk01MzcrFSpUqCRUqVKgBUqVOKAGpU5xTUAKlSpUAPSBjampUAer276VpBSZB7VaZXOxBz0rjl3DDsIYaTBwpXLBUPTtQNtJUtKXeYnbcxnFc0tRtGsVo7hVy22R4jiUjOVGKjc1ayannuWyQDIBnaP51xgYQCSvMgwCe4j9KuMIS46PJIwmE+o2qHqn6QeH7Z0TOutPElhl0weUFQjmPoN62mnCpCSoQSJI7Vk6daNt+dSE88QANk1qJVAkfSujDKX/AJGckl0WEkzO1SNu8pBiYqoXOkVSe1S2YJC3ApQxypBJmJrWU0hRTl0dEzd78+BFYfF2h6drlukrWGb0EeE6AJ9j3FZD2tvPrUm1htOACTJykkH0zitLREDxPEWStQPmUSTKsUo5FJ7UW4OPLPJNX0y60m8VbXrZQsbEbKHcHrVGvd+INHtNZtfCu2ZIB5Vj8ST3FeS8TcOXehPDxP3tusSh1Ix7HsapxoE7MKlSpVIx6cUNPQNMP2p5zQg0ppGiYfbFKRTTim60h2OPypgaYmaQoFYW9IGDihpTQFhc0UQVtQDenGJoGmSA7dqRUMSPhQT60xM70ymwyetODnFRg085pBYQJzOf0pwRJ/KgnpSmmFhEk0pFMVTvTE0BY+++1Oe1MD3zTTnNILHP5U3QSaeZxTHegQ4MiDTGmpJPpQFiMzSCqVMcUxdBH0oSQJoebtTEzQS5inEU1KlTMxUqVKgBUqVKgBUqVKgBUqemoAfelTU9ADUqVKgBU9NT0AenaRw0q7h5pxKmQZSCImtN/hh5aCotpKu6D1iT07/nVm1VcNJTyOOeUAxyBU/Ktxp91YJRJI6GRWEtLC1bDySicDe8PXloStbTnhgSAkcx7xipLI21upJcX59gnlMjbf5iu6culpXJYVnANVXLRm7UQUltzp5YmmtPFStEvI3wznRqbKSQA4vE4bV39RUN5rKrdKF+BAJAlR9c1p6jYqsWVuOBJSPUCTMAZri79126eK1oLY2QlQjlBH8xUZJ1wPHFP0W16rd3SElaxAIJSnyxCjI9Rt8qgQtKAhGSlChPrBqNlIUlQjaI7QR/MVZ09BeWUASBJUR0lMfpWFuR0qolywYPjJjllXlSlQ7Tme1ddp9slhpDaOn57mq2i6euA8pKuZWEhXQVvpYatkqdecS2hIkqXgCu7Bj2qzkyz3OyJKVKGcY61BdMNvMuNPIQ42rCkqyD8KivNdbLjjGkWy7x9PMJIKUBSSARPx+NYGonVVt811qLNqDzCG0jGVZzGYj4iui0TF/ZzvEvBRSVP6KkrEyWJk/8J6+1cKpJQopUClQwQRBFeife1M3AT+3edwGSFICgR27Des/V7JOqqU6t23W6hJ/es4M9OYe/Woa+jVHFUqnvbR6zfLVwjlVuD0UO4NQVAD09DT0DsfpSmlNNSHY9KaalQIeaQpqVMLHpzQzmiNIpMXtS601I0BYU0pmgNODFAbgqU0NKaB7giaVDMClNFBuDmKYUO4pTQG4PcZNMdqGaU0UG4eaUzvQzSJoJseaYmaalTE2KlSpUCFSpUqAFSpUqAFSpUqAFSpUqAFT01PQA1KlSoAVKlSoAVSMtlxfKIHUk1HVo/uWQkGFr/F6CgEeiW+r3YgqSwUkkAcgn6ek/KrzWsOFgqDSSgpnyKIJ64M9s7dKa3Zsg6pTnO5JKwgLRjOB3JBkVsJ1RxhKm7SwYSkJJErSkzGB+lPbXshulRFYXly+2pYaPhIytwPgcvwPw+dG5rhYt23/CuClSwkuBCVpAgnpn0pn7tN2VIu7FpQJPNyuAc2PrvRWrtrZIW4nxVtFHKGuZABPvMH3ocX3Ym320V7y5stR/evauglIKQgtkAEAHp12qo5p1mtMp1OzChnzmDMyN/X86ru2ti9zoZYubcKEpUkhY3xGcb/Ks66sHU3EJaU8iOUK5cE9Af9bH0rGUIPlorfxwb7OkaUtQLupWvKocoDauafNiM7zI+NTWg0llnw7G0ubhRPMFBogHmBMz239prmWU3dstDzTbqXYwrlzBGd+v6j1qS51q9bRyOXbo58QFcsYg4HvzD2IqoRiukLl+zsGb7U7hASxZIsmzgOPKCiJTgwOoUcg71mOrsy+VanevaktIP7ltBIAgJVIHSflNZ7N3przCFancXTrhJLieYhGSBHsCAfQZq5a6ywm6bRplmhtSlErWsRgrhR74IB32itnkZLj9GilGpXDf7ltFgwIMK8ysKMj2KR6RNc/qNrpNoCbu6N1cCSsrVJPlJ2H90nbpFa9zyhKDrGpqceQgFTNrgSAoqz1BBEg9q5zUtW0y2SpNjYoWco8RZyQkJjudlE/OlKfFgk/Znr1PT1uEM6et04IKWwZ9ansLi1cS5cNWwaCE8rzfJlbaoB6dP51nI1x9x9KC0hKVR+Hpt9K2FsKuU29wyQR5gYP4knf5EVipW6L6AaZtFr/Zl8A6wuC2rHMJ2Uk9M4xXNcRcO3GkqLiJetDs4B+H0VXY6hYF61bDPI2UYSYxywcen+Vbdq1Nm2y+A6eQIXIkKMQfhWqpoTmukeLUq7XirhBVuTdaS2VMnKmRkp/w9x6VxZwYO9IsanpqVAD01KlQA9NSpUAPSpqcUDH60jSpqQxUqempiFSpUqAFSpUqAFSpU1Ah6VNT9OlADUqVKgBUqVKgBUqVKgBUqVKgBUqVKgBUqVKgBUqVKgBUqVKgBUqVKgBUqVKgCa1RzvCfwjJzQlZcdKlfxVIgFu0UsH8Z5Y9KgBIMgwRTsD//2Q==', '2026-05-03 04:35:52', '2026-05-03 04:35:52', 8, 1);

-- --------------------------------------------------------

--
-- Table structure for table `jurusans`
--

CREATE TABLE `jurusans` (
  `id` int(11) NOT NULL,
  `nama` varchar(100) NOT NULL,
  `singkatan` varchar(20) DEFAULT NULL,
  `deskripsi` text DEFAULT NULL,
  `createdAt` datetime NOT NULL,
  `updatedAt` datetime NOT NULL
) ENGINE=InnoDB DEFAULT CHARSET=utf8mb4 COLLATE=utf8mb4_general_ci;

--
-- Dumping data for table `jurusans`
--

INSERT INTO `jurusans` (`id`, `nama`, `singkatan`, `deskripsi`, `createdAt`, `updatedAt`) VALUES
(1, 'TEKNIK KOMPUTER dan JARINGAN', 'TKJ', NULL, '2026-05-03 03:54:08', '2026-05-03 03:54:08'),
(2, 'Broadcasting Dan Perfilman', 'BNP', NULL, '2026-05-03 03:54:30', '2026-05-03 03:54:30'),
(3, 'Teknik Pengelasan', 'TP', NULL, '2026-05-03 03:55:22', '2026-05-03 03:55:22'),
(4, 'Teknik Elektronika Industri', 'TEI', NULL, '2026-05-03 03:55:42', '2026-05-03 03:55:42');

-- --------------------------------------------------------

--
-- Table structure for table `kelas`
--

CREATE TABLE `kelas` (
  `id` int(11) NOT NULL,
  `nama` varchar(255) NOT NULL,
  `tingkat` varchar(255) NOT NULL,
  `tahun_ajaran` varchar(255) NOT NULL,
  `jurusan_id` int(11) DEFAULT NULL,
  `createdAt` datetime NOT NULL,
  `updatedAt` datetime NOT NULL
) ENGINE=InnoDB DEFAULT CHARSET=utf8mb4 COLLATE=utf8mb4_general_ci;

--
-- Dumping data for table `kelas`
--

INSERT INTO `kelas` (`id`, `nama`, `tingkat`, `tahun_ajaran`, `jurusan_id`, `createdAt`, `updatedAt`) VALUES
(1, 'XII TJKT A', 'XII', '2024/2025', NULL, '2026-01-18 17:27:46', '2026-01-18 17:27:46'),
(2, 'XI TJKT A', 'XI', '2025/2026', 1, '2026-01-18 17:27:46', '2026-05-03 04:08:17'),
(3, 'X TJKT A', 'X', '2025/2026', 1, '2026-01-18 17:27:46', '2026-05-03 04:07:07'),
(4, 'X BNP A', 'X', '2025/2026', 2, '2026-05-03 03:57:32', '2026-05-03 03:57:32'),
(5, 'X BNP B', 'X', '2025/2026', 2, '2026-05-03 03:58:04', '2026-05-03 03:58:04'),
(6, 'X BNP C', 'X', '2025/2026', 2, '2026-05-03 03:58:24', '2026-05-03 03:58:24'),
(7, 'X TKJ B', 'X', '2025/2026', 1, '2026-05-03 03:58:40', '2026-05-03 03:58:40'),
(8, 'X TKJ C', 'X', '2025/2026', 1, '2026-05-03 04:00:21', '2026-05-03 04:00:21'),
(9, 'XI PF B', 'XI', '2025/2026', 2, '2026-05-03 04:42:16', '2026-05-03 04:42:36');

-- --------------------------------------------------------

--
-- Table structure for table `mata_pelajaran`
--

CREATE TABLE `mata_pelajaran` (
  `id` int(11) NOT NULL,
  `nama` varchar(255) NOT NULL
) ENGINE=InnoDB DEFAULT CHARSET=utf8mb4 COLLATE=utf8mb4_general_ci;

-- --------------------------------------------------------

--
-- Table structure for table `nilai`
--

CREATE TABLE `nilai` (
  `id` int(11) NOT NULL,
  `nilai` float NOT NULL,
  `keterangan` varchar(255) NOT NULL COMMENT 'Contoh: Ulangan Harian 1, Tugas 2, UTS, UAS',
  `mata_pelajaran` varchar(255) NOT NULL,
  `tanggal` datetime DEFAULT NULL,
  `createdAt` datetime NOT NULL,
  `updatedAt` datetime NOT NULL,
  `siswa_id` int(11) DEFAULT NULL,
  `guru_id` int(11) DEFAULT NULL,
  `kelas_id` int(11) DEFAULT NULL
) ENGINE=InnoDB DEFAULT CHARSET=utf8mb4 COLLATE=utf8mb4_general_ci;

--
-- Dumping data for table `nilai`
--

INSERT INTO `nilai` (`id`, `nilai`, `keterangan`, `mata_pelajaran`, `tanggal`, `createdAt`, `updatedAt`, `siswa_id`, `guru_id`, `kelas_id`) VALUES
(28, 12, 'tugas', 'Pemrograman Web', '2026-01-18 18:09:03', '2026-01-18 18:09:03', '2026-01-18 18:09:03', 1, 2, 1),
(29, 22, 'tugas', 'Pemrograman Web', '2026-01-18 18:09:03', '2026-01-18 18:09:03', '2026-01-18 18:09:03', 2, 2, 1),
(30, 33, 'tugas', 'Pemrograman Web', '2026-01-18 18:09:03', '2026-01-18 18:09:03', '2026-01-18 18:09:03', 3, 2, 1),
(31, 80, 'Tugas 1', 'Pemrograman Web', '2026-01-21 05:56:26', '2026-01-21 05:56:26', '2026-01-21 05:56:26', 1, 2, 1),
(32, 82, 'Tugas 1', 'Pemrograman Web', '2026-01-21 05:56:26', '2026-01-21 05:56:26', '2026-01-21 05:56:26', 2, 2, 1),
(33, 81, 'Tugas 1', 'Pemrograman Web', '2026-01-21 05:56:26', '2026-01-21 05:56:26', '2026-01-21 05:56:26', 3, 2, 1),
(34, 80, 'Tugas 1', 'Pemrograman Web', '2026-01-21 05:56:26', '2026-01-21 05:56:26', '2026-01-21 05:56:26', 4, 2, 1),
(35, 82, 'Tugas 1', 'Pemrograman Web', '2026-01-21 05:56:26', '2026-01-21 05:56:26', '2026-01-21 05:56:26', 5, 2, 1),
(36, 81, 'Tugas 1', 'Pemrograman Web', '2026-01-21 05:56:26', '2026-01-21 05:56:26', '2026-01-21 05:56:26', 6, 2, 1),
(37, 80, 'Tugas 1', 'Pemrograman Web', '2026-01-21 05:56:26', '2026-01-21 05:56:26', '2026-01-21 05:56:26', 7, 2, 1),
(38, 81, 'Tugas 1', 'Pemrograman Web', '2026-01-21 05:56:26', '2026-01-21 05:56:26', '2026-01-21 05:56:26', 8, 2, 1),
(39, 81, 'Tugas 1', 'Pemrograman Web', '2026-01-21 05:56:26', '2026-01-21 05:56:26', '2026-01-21 05:56:26', 9, 2, 1),
(40, 81, 'Tugas 1', 'Pemrograman Web', '2026-01-21 05:56:26', '2026-01-21 05:56:26', '2026-01-21 05:56:26', 10, 2, 1),
(41, 81, 'Tugas 1', 'Pemrograman Web', '2026-01-21 05:56:26', '2026-01-21 05:56:26', '2026-01-21 05:56:26', 11, 2, 1),
(42, 81, 'Tugas 1', 'Pemrograman Web', '2026-01-21 05:56:26', '2026-01-21 05:56:26', '2026-01-21 05:56:26', 12, 2, 1),
(43, 81, 'Tugas 1', 'Pemrograman Web', '2026-01-21 05:56:26', '2026-01-21 05:56:26', '2026-01-21 05:56:26', 13, 2, 1),
(44, 80, 'Tugas 1', 'Pemrograman Web', '2026-01-21 05:56:26', '2026-01-21 05:56:26', '2026-01-21 05:56:26', 14, 2, 1),
(45, 81, 'Tugas 1', 'Pemrograman Web', '2026-01-21 05:56:26', '2026-01-21 05:56:26', '2026-01-21 05:56:26', 15, 2, 1),
(46, 82, 'Tugas 1', 'Pemrograman Web', '2026-01-21 05:56:26', '2026-01-21 05:56:26', '2026-01-21 05:56:26', 16, 2, 1),
(47, 82, 'Tugas 1', 'Pemrograman Web', '2026-01-21 05:56:26', '2026-01-21 05:56:26', '2026-01-21 05:56:26', 17, 2, 1),
(48, 81, 'Tugas 1', 'Pemrograman Web', '2026-01-21 05:56:26', '2026-01-21 05:56:26', '2026-01-21 05:56:26', 18, 2, 1),
(49, 80, 'Tugas 1', 'Pemrograman Web', '2026-01-21 05:56:26', '2026-01-21 05:56:26', '2026-01-21 05:56:26', 19, 2, 1),
(50, 80, 'Tugas 1', 'Pemrograman Web', '2026-01-21 05:56:26', '2026-01-21 05:56:26', '2026-01-21 05:56:26', 20, 2, 1),
(51, 82, 'Ulangan harian 1', 'Pemrograman Web', '2026-01-21 05:57:38', '2026-01-21 05:57:38', '2026-01-21 05:57:38', 1, 2, 1),
(52, 83, 'Ulangan harian 1', 'Pemrograman Web', '2026-01-21 05:57:38', '2026-01-21 05:57:38', '2026-01-21 05:57:38', 2, 2, 1),
(53, 81, 'Ulangan harian 1', 'Pemrograman Web', '2026-01-21 05:57:38', '2026-01-21 05:57:38', '2026-01-21 05:57:38', 3, 2, 1),
(54, 82, 'Ulangan harian 1', 'Pemrograman Web', '2026-01-21 05:57:38', '2026-01-21 05:57:38', '2026-01-21 05:57:38', 4, 2, 1),
(55, 83, 'Ulangan harian 1', 'Pemrograman Web', '2026-01-21 05:57:38', '2026-01-21 05:57:38', '2026-01-21 05:57:38', 5, 2, 1),
(56, 82, 'Ulangan harian 1', 'Pemrograman Web', '2026-01-21 05:57:38', '2026-01-21 05:57:38', '2026-01-21 05:57:38', 6, 2, 1),
(57, 80, 'Ulangan harian 1', 'Pemrograman Web', '2026-01-21 05:57:38', '2026-01-21 05:57:38', '2026-01-21 05:57:38', 7, 2, 1),
(58, 81, 'Ulangan harian 1', 'Pemrograman Web', '2026-01-21 05:57:38', '2026-01-21 05:57:38', '2026-01-21 05:57:38', 8, 2, 1),
(59, 82, 'Ulangan harian 1', 'Pemrograman Web', '2026-01-21 05:57:38', '2026-01-21 05:57:38', '2026-01-21 05:57:38', 9, 2, 1),
(60, 82, 'Ulangan harian 1', 'Pemrograman Web', '2026-01-21 05:57:38', '2026-01-21 05:57:38', '2026-01-21 05:57:38', 10, 2, 1),
(61, 83, 'Ulangan harian 1', 'Pemrograman Web', '2026-01-21 05:57:38', '2026-01-21 05:57:38', '2026-01-21 05:57:38', 11, 2, 1),
(62, 83, 'Ulangan harian 1', 'Pemrograman Web', '2026-01-21 05:57:38', '2026-01-21 05:57:38', '2026-01-21 05:57:38', 12, 2, 1),
(63, 82, 'Ulangan harian 1', 'Pemrograman Web', '2026-01-21 05:57:38', '2026-01-21 05:57:38', '2026-01-21 05:57:38', 13, 2, 1),
(64, 81, 'Ulangan harian 1', 'Pemrograman Web', '2026-01-21 05:57:38', '2026-01-21 05:57:38', '2026-01-21 05:57:38', 14, 2, 1),
(65, 83, 'Ulangan harian 1', 'Pemrograman Web', '2026-01-21 05:57:38', '2026-01-21 05:57:38', '2026-01-21 05:57:38', 15, 2, 1),
(66, 82, 'Ulangan harian 1', 'Pemrograman Web', '2026-01-21 05:57:38', '2026-01-21 05:57:38', '2026-01-21 05:57:38', 16, 2, 1),
(67, 83, 'Ulangan harian 1', 'Pemrograman Web', '2026-01-21 05:57:38', '2026-01-21 05:57:38', '2026-01-21 05:57:38', 17, 2, 1),
(68, 81, 'Ulangan harian 1', 'Pemrograman Web', '2026-01-21 05:57:38', '2026-01-21 05:57:38', '2026-01-21 05:57:38', 18, 2, 1),
(69, 81, 'Ulangan harian 1', 'Pemrograman Web', '2026-01-21 05:57:38', '2026-01-21 05:57:38', '2026-01-21 05:57:38', 19, 2, 1),
(70, 80, 'Ulangan harian 1', 'Pemrograman Web', '2026-01-21 05:57:38', '2026-01-21 05:57:38', '2026-01-21 05:57:38', 20, 2, 1);

-- --------------------------------------------------------

--
-- Table structure for table `orang_tua`
--

CREATE TABLE `orang_tua` (
  `id` int(11) NOT NULL,
  `username` varchar(255) NOT NULL,
  `password` varchar(255) NOT NULL,
  `nama` varchar(255) NOT NULL,
  `email` varchar(255) DEFAULT NULL,
  `phone` varchar(255) DEFAULT NULL,
  `createdAt` datetime NOT NULL,
  `updatedAt` datetime NOT NULL
) ENGINE=InnoDB DEFAULT CHARSET=utf8mb4 COLLATE=utf8mb4_general_ci;

--
-- Dumping data for table `orang_tua`
--

INSERT INTO `orang_tua` (`id`, `username`, `password`, `nama`, `email`, `phone`, `createdAt`, `updatedAt`) VALUES
(1, 'ortu_ahmad', '$2b$10$5xUalBV6hnV/RM.Kf4/AluzmVozUtSqoNd5LSwalRyMzw9799EWJm', 'Hasan Santoso (Ayah Ahmad)', 'hasan.santoso@email.com', '081234567890', '2026-01-18 17:27:46', '2026-01-18 17:27:46'),
(2, 'ortu_budi', '$2b$10$5xUalBV6hnV/RM.Kf4/AluzmVozUtSqoNd5LSwalRyMzw9799EWJm', 'Siti Pratama (Ibu Budi)', 'siti.pratama@email.com', '081234567891', '2026-01-18 17:27:46', '2026-01-18 17:27:46'),
(3, 'ortu_citra', '$2b$10$5xUalBV6hnV/RM.Kf4/AluzmVozUtSqoNd5LSwalRyMzw9799EWJm', 'Rudi Dewi (Ayah Citra)', 'rudi.dewi@email.com', '081234567892', '2026-01-18 17:27:46', '2026-01-18 17:27:46'),
(4, 'ortu_dedi', '$2b$10$5xUalBV6hnV/RM.Kf4/AluzmVozUtSqoNd5LSwalRyMzw9799EWJm', 'Mila Kurniawan (Ibu Dedi)', 'mila.kurniawan@email.com', '081234567893', '2026-01-18 17:27:46', '2026-01-18 17:27:46'),
(5, 'ortu_erika', '$2b$10$5xUalBV6hnV/RM.Kf4/AluzmVozUtSqoNd5LSwalRyMzw9799EWJm', 'Andi Putri (Ayah Erika)', 'andi.putri@email.com', '081234567894', '2026-01-18 17:27:46', '2026-01-18 17:27:46');

-- --------------------------------------------------------

--
-- Table structure for table `siswa`
--

CREATE TABLE `siswa` (
  `id` int(11) NOT NULL,
  `nis` varchar(255) NOT NULL,
  `nama` varchar(255) NOT NULL,
  `kelamin` varchar(255) DEFAULT NULL,
  `status` varchar(255) DEFAULT 'aktif',
  `createdAt` datetime NOT NULL,
  `updatedAt` datetime NOT NULL,
  `kelas_id` int(11) DEFAULT NULL
) ENGINE=InnoDB DEFAULT CHARSET=utf8mb4 COLLATE=utf8mb4_general_ci;

--
-- Dumping data for table `siswa`
--

INSERT INTO `siswa` (`id`, `nis`, `nama`, `kelamin`, `status`, `createdAt`, `updatedAt`, `kelas_id`) VALUES
(1, '2021001', 'Ahmad Santoso', NULL, 'aktif', '2026-01-18 17:27:46', '2026-01-18 17:27:46', 1),
(2, '2021002', 'Budi Pratama', NULL, 'aktif', '2026-01-18 17:27:46', '2026-01-18 17:27:46', 1),
(3, '2021003', 'Citra Dewi', NULL, 'aktif', '2026-01-18 17:27:46', '2026-01-18 17:27:46', 1),
(4, '2021004', 'Dedi Kurniawan', NULL, 'aktif', '2026-01-18 17:27:46', '2026-01-18 17:27:46', 1),
(5, '2021005', 'Erika Putri', NULL, 'aktif', '2026-01-18 17:27:46', '2026-01-18 17:27:46', 1),
(6, '2021006', 'Fajar Rahman', NULL, 'aktif', '2026-01-18 17:27:46', '2026-01-18 17:27:46', 1),
(7, '2021007', 'Gita Sari', NULL, 'aktif', '2026-01-18 17:27:46', '2026-01-18 17:27:46', 1),
(8, '2021008', 'Hendra Wijaya', NULL, 'aktif', '2026-01-18 17:27:46', '2026-01-18 17:27:46', 1),
(9, '2021009', 'Indira Putri', NULL, 'aktif', '2026-01-18 17:27:46', '2026-01-18 17:27:46', 1),
(10, '2021010', 'Joko Susilo', NULL, 'aktif', '2026-01-18 17:27:46', '2026-01-18 17:27:46', 1),
(11, '2021011', 'Kartika Sari', NULL, 'aktif', '2026-01-18 17:27:46', '2026-01-18 17:27:46', 1),
(12, '2021012', 'Luki Hermawan', NULL, 'aktif', '2026-01-18 17:27:46', '2026-01-18 17:27:46', 1),
(13, '2021013', 'Maya Indriati', NULL, 'aktif', '2026-01-18 17:27:46', '2026-01-18 17:27:46', 1),
(14, '2021014', 'Nanda Pratama', NULL, 'aktif', '2026-01-18 17:27:46', '2026-01-18 17:27:46', 1),
(15, '2021015', 'Olivia Putri', NULL, 'aktif', '2026-01-18 17:27:46', '2026-01-18 17:27:46', 1),
(16, '2021016', 'Putra Santoso', NULL, 'aktif', '2026-01-18 17:27:46', '2026-01-18 17:27:46', 1),
(17, '2021017', 'Qori Amelia', NULL, 'aktif', '2026-01-18 17:27:46', '2026-01-18 17:27:46', 1),
(18, '2021018', 'Rizki Fadillah', NULL, 'aktif', '2026-01-18 17:27:46', '2026-01-18 17:27:46', 1),
(19, '2021019', 'Sari Pertiwi', NULL, 'aktif', '2026-01-18 17:27:46', '2026-01-18 17:27:46', 1),
(20, '2021020', 'Toni Setiawan', NULL, 'aktif', '2026-01-18 17:27:46', '2026-01-18 17:27:46', 1),
(21, '12345', 'Ahmad Rizki', '12345', 'aktif', '2026-05-03 04:40:20', '2026-05-03 04:40:20', 1),
(22, '12346', 'Budi Santoso', '12346', 'aktif', '2026-05-03 04:40:20', '2026-05-03 04:40:20', 1),
(23, '12347', 'Citra Dewi', '12347', 'aktif', '2026-05-03 04:40:20', '2026-05-03 04:40:20', 2),
(24, '3089638649', 'Anggita Syafitrie', '3089638649', 'aktif', '2026-05-03 04:43:10', '2026-05-03 04:43:10', 9),
(25, '0096501706', 'ANINDYA ZAHRAH IPAN MUDZAKY', '0096501706', 'aktif', '2026-05-03 04:43:10', '2026-05-03 04:43:10', 9),
(26, '0081917897', 'ANNISAU ZAKIYYATUL MISKIYYAH', '0081917897', 'aktif', '2026-05-03 04:43:10', '2026-05-03 04:43:10', 9),
(27, '3085322592', 'ASHVA \'IDHOTINNAAFI\'AH', '3085322592', 'aktif', '2026-05-03 04:43:10', '2026-05-03 04:43:10', 9),
(28, '0082987713', 'AULIA PUTRI TASA', '0082987713', 'aktif', '2026-05-03 04:43:10', '2026-05-03 04:43:10', 9),
(29, '0088197517', 'AURELIA KHARISMA PUTRI ERWANSYAH', '0088197517', 'aktif', '2026-05-03 04:43:10', '2026-05-03 04:43:10', 9),
(30, '0084307473', 'AURELLYA REINATHA ROSALINE', '0084307473', 'aktif', '2026-05-03 04:43:10', '2026-05-03 04:43:10', 9),
(31, '3081628699', 'AZZAHRA NUR IZATUN AULIYA', '3081628699', 'aktif', '2026-05-03 04:43:10', '2026-05-03 04:43:10', 9),
(32, '0097129764', 'DURROTUL AINIYYAH', '0097129764', 'aktif', '2026-05-03 04:43:10', '2026-05-03 04:43:10', 9),
(33, '0087823692', 'Firozan Najiya', '0087823692', 'aktif', '2026-05-03 04:43:10', '2026-05-03 04:43:10', 9),
(34, '0083285856', 'FRISKA AULIA MAHARANI', '0083285856', 'aktif', '2026-05-03 04:43:10', '2026-05-03 04:43:10', 9),
(35, '0086733191', 'KHANZHA RAMADHANI WAHIB', '0086733191', 'aktif', '2026-05-03 04:43:10', '2026-05-03 04:43:10', 9),
(36, '0092856443', 'KOTHROTUNNADA', '0092856443', 'aktif', '2026-05-03 04:43:10', '2026-05-03 04:43:10', 9),
(37, '0108736177', 'NABILA ROHIMATUZAHRO', '0108736177', 'aktif', '2026-05-03 04:43:10', '2026-05-03 04:43:10', 9),
(38, '0084978312', 'NAILA AMALIA', '0084978312', 'aktif', '2026-05-03 04:43:10', '2026-05-03 04:43:10', 9),
(39, '0086895289', 'NAJWA AZKIYATUL FU\'ADAH', '0086895289', 'aktif', '2026-05-03 04:43:10', '2026-05-03 04:43:10', 9),
(40, '0079142454', 'NASHWA AKHLIA JELITA', '0079142454', 'aktif', '2026-05-03 04:43:10', '2026-05-03 04:43:10', 9),
(41, '0085963717', 'Nasywa Ivania Choirunnisa', '0085963717', 'aktif', '2026-05-03 04:43:10', '2026-05-03 04:43:10', 9),
(42, '0083704103', 'NAYLA PUTRI RAMADHANI', '0083704103', 'aktif', '2026-05-03 04:43:10', '2026-05-03 04:43:10', 9),
(43, '0083117929', 'PUPUT ADELLA', '0083117929', 'aktif', '2026-05-03 04:43:10', '2026-05-03 04:43:10', 9),
(44, '0096249227', 'RARA AYU PRADNYA PARAMITA', '0096249227', 'aktif', '2026-05-03 04:43:10', '2026-05-03 04:43:10', 9),
(45, '0083155361', 'RETNO KAYLA SYAFIRA AZZAHRA', '0083155361', 'aktif', '2026-05-03 04:43:10', '2026-05-03 04:43:10', 9),
(46, '0083741736', 'RIVA\'ATUL MANZILAH FITRI', '0083741736', 'aktif', '2026-05-03 04:43:10', '2026-05-03 04:43:10', 9),
(47, '0093614144', 'SHIFANY APRILIA AYU PUTRI', '0093614144', 'aktif', '2026-05-03 04:43:10', '2026-05-03 04:43:10', 9),
(48, '0094208664', 'SILVIA LAILA AZKA', '0094208664', 'aktif', '2026-05-03 04:43:10', '2026-05-03 04:43:10', 9),
(49, '0095280941', 'Silvia Retnowati', '0095280941', 'aktif', '2026-05-03 04:43:10', '2026-05-03 04:43:10', 9),
(50, '0096015441', 'SITI AISYAH NUR FITRIANI', '0096015441', 'aktif', '2026-05-03 04:43:10', '2026-05-03 04:43:10', 9),
(51, '3091024550', 'SITI ANNISATUL FAIZAH', '3091024550', 'aktif', '2026-05-03 04:43:10', '2026-05-03 04:43:10', 9),
(52, '0089162006', 'VINA YULIA FAJRIANA', '0089162006', 'aktif', '2026-05-03 04:43:10', '2026-05-03 04:43:10', 9);

-- --------------------------------------------------------

--
-- Table structure for table `siswaorangtua`
--

CREATE TABLE `siswaorangtua` (
  `createdAt` datetime NOT NULL,
  `updatedAt` datetime NOT NULL,
  `siswa_id` int(11) NOT NULL,
  `orang_tua_id` int(11) NOT NULL
) ENGINE=InnoDB DEFAULT CHARSET=utf8mb4 COLLATE=utf8mb4_general_ci;

--
-- Dumping data for table `siswaorangtua`
--

INSERT INTO `siswaorangtua` (`createdAt`, `updatedAt`, `siswa_id`, `orang_tua_id`) VALUES
('2026-01-18 17:27:46', '2026-01-18 17:27:46', 1, 1),
('2026-01-18 17:27:46', '2026-01-18 17:27:46', 2, 2),
('2026-01-18 17:27:46', '2026-01-18 17:27:46', 3, 3),
('2026-01-18 17:27:46', '2026-01-18 17:27:46', 4, 4),
('2026-01-18 17:27:46', '2026-01-18 17:27:46', 5, 5);

--
-- Indexes for dumped tables
--

--
-- Indexes for table `absensi`
--
ALTER TABLE `absensi`
  ADD PRIMARY KEY (`id`),
  ADD KEY `jurnal_id` (`jurnal_id`),
  ADD KEY `siswa_id` (`siswa_id`);

--
-- Indexes for table `guru`
--
ALTER TABLE `guru`
  ADD PRIMARY KEY (`id`),
  ADD UNIQUE KEY `username` (`username`),
  ADD UNIQUE KEY `nip` (`nip`);

--
-- Indexes for table `guru_kelas`
--
ALTER TABLE `guru_kelas`
  ADD PRIMARY KEY (`id`),
  ADD UNIQUE KEY `guru_kelas_kelas_id_guru_id_unique` (`guru_id`,`kelas_id`),
  ADD KEY `kelas_id` (`kelas_id`),
  ADD KEY `mapel_id` (`mapel_id`);

--
-- Indexes for table `jurnal`
--
ALTER TABLE `jurnal`
  ADD PRIMARY KEY (`id`),
  ADD KEY `guru_id` (`guru_id`),
  ADD KEY `kelas_id` (`kelas_id`);

--
-- Indexes for table `jurusans`
--
ALTER TABLE `jurusans`
  ADD PRIMARY KEY (`id`);

--
-- Indexes for table `kelas`
--
ALTER TABLE `kelas`
  ADD PRIMARY KEY (`id`),
  ADD UNIQUE KEY `nama` (`nama`),
  ADD KEY `jurusan_id` (`jurusan_id`);

--
-- Indexes for table `mata_pelajaran`
--
ALTER TABLE `mata_pelajaran`
  ADD PRIMARY KEY (`id`),
  ADD UNIQUE KEY `nama` (`nama`);

--
-- Indexes for table `nilai`
--
ALTER TABLE `nilai`
  ADD PRIMARY KEY (`id`),
  ADD KEY `siswa_id` (`siswa_id`),
  ADD KEY `guru_id` (`guru_id`),
  ADD KEY `kelas_id` (`kelas_id`);

--
-- Indexes for table `orang_tua`
--
ALTER TABLE `orang_tua`
  ADD PRIMARY KEY (`id`),
  ADD UNIQUE KEY `username` (`username`),
  ADD UNIQUE KEY `email` (`email`);

--
-- Indexes for table `siswa`
--
ALTER TABLE `siswa`
  ADD PRIMARY KEY (`id`),
  ADD UNIQUE KEY `nis` (`nis`),
  ADD KEY `kelas_id` (`kelas_id`);

--
-- Indexes for table `siswaorangtua`
--
ALTER TABLE `siswaorangtua`
  ADD PRIMARY KEY (`siswa_id`,`orang_tua_id`),
  ADD KEY `orang_tua_id` (`orang_tua_id`);

--
-- AUTO_INCREMENT for dumped tables
--

--
-- AUTO_INCREMENT for table `absensi`
--
ALTER TABLE `absensi`
  MODIFY `id` int(11) NOT NULL AUTO_INCREMENT, AUTO_INCREMENT=41;

--
-- AUTO_INCREMENT for table `guru`
--
ALTER TABLE `guru`
  MODIFY `id` int(11) NOT NULL AUTO_INCREMENT, AUTO_INCREMENT=9;

--
-- AUTO_INCREMENT for table `guru_kelas`
--
ALTER TABLE `guru_kelas`
  MODIFY `id` int(11) NOT NULL AUTO_INCREMENT, AUTO_INCREMENT=79;

--
-- AUTO_INCREMENT for table `jurnal`
--
ALTER TABLE `jurnal`
  MODIFY `id` int(11) NOT NULL AUTO_INCREMENT, AUTO_INCREMENT=3;

--
-- AUTO_INCREMENT for table `jurusans`
--
ALTER TABLE `jurusans`
  MODIFY `id` int(11) NOT NULL AUTO_INCREMENT, AUTO_INCREMENT=5;

--
-- AUTO_INCREMENT for table `kelas`
--
ALTER TABLE `kelas`
  MODIFY `id` int(11) NOT NULL AUTO_INCREMENT, AUTO_INCREMENT=10;

--
-- AUTO_INCREMENT for table `mata_pelajaran`
--
ALTER TABLE `mata_pelajaran`
  MODIFY `id` int(11) NOT NULL AUTO_INCREMENT;

--
-- AUTO_INCREMENT for table `nilai`
--
ALTER TABLE `nilai`
  MODIFY `id` int(11) NOT NULL AUTO_INCREMENT, AUTO_INCREMENT=71;

--
-- AUTO_INCREMENT for table `orang_tua`
--
ALTER TABLE `orang_tua`
  MODIFY `id` int(11) NOT NULL AUTO_INCREMENT, AUTO_INCREMENT=6;

--
-- AUTO_INCREMENT for table `siswa`
--
ALTER TABLE `siswa`
  MODIFY `id` int(11) NOT NULL AUTO_INCREMENT, AUTO_INCREMENT=53;

--
-- Constraints for dumped tables
--

--
-- Constraints for table `absensi`
--
ALTER TABLE `absensi`
  ADD CONSTRAINT `absensi_ibfk_1` FOREIGN KEY (`jurnal_id`) REFERENCES `jurnal` (`id`) ON DELETE CASCADE ON UPDATE CASCADE,
  ADD CONSTRAINT `absensi_ibfk_2` FOREIGN KEY (`siswa_id`) REFERENCES `siswa` (`id`) ON DELETE CASCADE ON UPDATE CASCADE;

--
-- Constraints for table `guru_kelas`
--
ALTER TABLE `guru_kelas`
  ADD CONSTRAINT `guru_kelas_ibfk_1` FOREIGN KEY (`guru_id`) REFERENCES `guru` (`id`) ON DELETE CASCADE ON UPDATE CASCADE,
  ADD CONSTRAINT `guru_kelas_ibfk_2` FOREIGN KEY (`kelas_id`) REFERENCES `kelas` (`id`) ON DELETE CASCADE ON UPDATE CASCADE,
  ADD CONSTRAINT `guru_kelas_ibfk_3` FOREIGN KEY (`mapel_id`) REFERENCES `mata_pelajaran` (`id`) ON DELETE SET NULL ON UPDATE CASCADE;

--
-- Constraints for table `jurnal`
--
ALTER TABLE `jurnal`
  ADD CONSTRAINT `jurnal_ibfk_1` FOREIGN KEY (`guru_id`) REFERENCES `guru` (`id`) ON DELETE CASCADE ON UPDATE CASCADE,
  ADD CONSTRAINT `jurnal_ibfk_2` FOREIGN KEY (`kelas_id`) REFERENCES `kelas` (`id`) ON DELETE CASCADE ON UPDATE CASCADE;

--
-- Constraints for table `kelas`
--
ALTER TABLE `kelas`
  ADD CONSTRAINT `kelas_ibfk_1` FOREIGN KEY (`jurusan_id`) REFERENCES `jurusans` (`id`) ON DELETE SET NULL ON UPDATE CASCADE;

--
-- Constraints for table `nilai`
--
ALTER TABLE `nilai`
  ADD CONSTRAINT `nilai_ibfk_1` FOREIGN KEY (`siswa_id`) REFERENCES `siswa` (`id`) ON DELETE CASCADE ON UPDATE CASCADE,
  ADD CONSTRAINT `nilai_ibfk_2` FOREIGN KEY (`guru_id`) REFERENCES `guru` (`id`) ON DELETE CASCADE ON UPDATE CASCADE,
  ADD CONSTRAINT `nilai_ibfk_3` FOREIGN KEY (`kelas_id`) REFERENCES `kelas` (`id`) ON DELETE CASCADE ON UPDATE CASCADE;

--
-- Constraints for table `siswa`
--
ALTER TABLE `siswa`
  ADD CONSTRAINT `siswa_ibfk_1` FOREIGN KEY (`kelas_id`) REFERENCES `kelas` (`id`) ON DELETE CASCADE ON UPDATE CASCADE;

--
-- Constraints for table `siswaorangtua`
--
ALTER TABLE `siswaorangtua`
  ADD CONSTRAINT `siswaorangtua_ibfk_1` FOREIGN KEY (`siswa_id`) REFERENCES `siswa` (`id`) ON DELETE CASCADE ON UPDATE CASCADE,
  ADD CONSTRAINT `siswaorangtua_ibfk_2` FOREIGN KEY (`orang_tua_id`) REFERENCES `orang_tua` (`id`) ON DELETE CASCADE ON UPDATE CASCADE;
COMMIT;

/*!40101 SET CHARACTER_SET_CLIENT=@OLD_CHARACTER_SET_CLIENT */;
/*!40101 SET CHARACTER_SET_RESULTS=@OLD_CHARACTER_SET_RESULTS */;
/*!40101 SET COLLATION_CONNECTION=@OLD_COLLATION_CONNECTION */;
